airpt,pax,flights,airpt_iata,airpt_lat,airpt_lon,airpt_name
LEMD,853712,5946,MAD,40.471926,-3.56264,Adolfo Suárez Madrid–Barajas Airport
GCLP,423920,8898,LPA,27.931900024414066,-15.38659954071045,Gran Canaria Airport
GCLA,401854,7113,SPC,28.626499,-17.7556,La Palma Airport
LEBL,252028,2121,BCN,41.2971,2.0784599999999998,Barcelona International Airport
GCRR,182331,3428,ACE,28.945498999999998,-13.6052,Lanzarote Airport
GCFV,113076,2109,FUE,28.452699661254886,-13.863800048828125,Fuerteventura Airport
GCHI,108653,2223,VDE,27.814800262451172,-17.887100219726562,Hierro Airport
LEZL,94483,727,SVQ,37.41799926757813,-5.8931097984313965,Sevilla Airport
EDDL,26945,209,DUS,51.289501,6.766780000000001,Düsseldorf Airport
