airpt,pax,flights,airpt_iata,airpt_lat,airpt_lon,airpt_name
LEMD,766384,7166,MAD,40.471926,-3.56264,Adolfo Suárez Madrid–Barajas Airport
LEBL,324873,3924,BCN,41.2971,2.0784599999999998,Barcelona International Airport
LEPA,117337,1079,PMI,39.551700591999996,2.73881006241,Palma De Mallorca Airport
EGSS,71815,596,STN,51.8849983215,0.23499999940400002,London Stansted Airport
GCTS,62624,403,TFS,28.044500351,-16.5725002289,Tenerife South Airport
GCRR,40454,246,ACE,28.945498999999998,-13.6052,Lanzarote Airport
LEVC,28581,731,VLC,39.4893,-0.481625,Valencia Airport
GCFV,26434,172,FUE,28.452699661254886,-13.863800048828125,Fuerteventura Airport
LEZL,24894,703,SVQ,37.41799926757813,-5.8931097984313965,Sevilla Airport
