airpt,pax,flights,airpt_iata,airpt_lat,airpt_lon,airpt_name
LEBL,76340,2638,BCN,41.2971,2.0784599999999998,Barcelona International Airport
EGSS,64655,425,STN,51.8849983215,0.23499999940400002,London Stansted Airport
EBCI,63505,416,CRL,50.459202000000005,4.4538199999999994,Brussels South Charleroi Airport
GCTS,30963,185,TFS,28.044500351,-16.5725002289,Tenerife South Airport
LIME,27835,240,BGY,45.673901,9.70417,Il Caravaggio International Airport
LEPA,16389,242,PMI,39.551700591999996,2.73881006241,Palma De Mallorca Airport
EDLV,15936,118,NRN,51.6024017334,6.14216995239,Weeze Airport
