airpt,value,airpt_lat,airpt_lon
LEMD,213097,40.471926,-3.56264
LEBL,174810,41.2971,2.0784599999999998
LEPA,88465,39.551700591999996,2.73881006241
