airpt,value,airpt_lat,airpt_lon
LEMG,182429,36.67490005493164,-4.499110221862793
LEAM,17325,36.84389877319336,-2.3701000213623047
