airpt,value,airpt_lat,airpt_lon
LEMD,807679,40.471926,-3.56264
GCLP,437235,27.931900024414066,-15.38659954071045
GCLA,413808,28.626499,-17.7556
LEBL,252791,41.2971,2.0784599999999998
GCRR,194054,28.945498999999998,-13.6052
GCHI,120881,27.814800262451172,-17.887100219726562
GCFV,114654,28.452699661254886,-13.863800048828125
LEZL,100262,37.41799926757813,-5.8931097984313965
