airpt_arr,value,airpt_dep,airpt_dep_lat,airpt_dep_lon,airpt_arr_lat,airpt_arr_lon
EGKK,58638,LELC,37.775001525878906,-0.8123890161514282,51.148102,-0.190278
EGSS,48650,LELC,37.775001525878906,-0.8123890161514282,51.8849983215,0.23499999940400002
LEMD,40985,LELC,37.775001525878906,-0.8123890161514282,40.471926,-3.56264
