airpt,value,airpt_lat,airpt_lon
EGCC,93920,53.35369873046875,-2.2749500274658203
EGKK,80442,51.148102,-0.190278
EGPF,62699,55.8718986511,-4.43306016922
EBBR,47724,50.9014015198,4.48443984985
EGBB,43848,52.4538993835,-1.7480299472799998
EGSS,28717,51.8849983215,0.23499999940400002
EGNT,20391,55.037498474121094,-1.6916699409484863
EGFF,20228,51.39670181274414,-3.343329906463623
EGGW,20096,51.87469863891602,-0.36833301186561584
