airpt,value,airpt_lat,airpt_lon
GCXO,414949,28.4827003479,-16.341499328599998
LEMD,99507,40.471926,-3.56264
GCLP,83856,27.931900024414066,-15.38659954071045
EDDM,42761,48.353802,11.7861
EHAM,37226,52.308601,4.76389
EDDL,34860,51.289501,6.766780000000001
EDDF,29610,50.033333,8.570556
EDDH,23862,53.630401611328004,9.988229751586902
EDDS,22670,48.6898994446,9.22196006775
