airpt_arr,pax2001,airpt_dep,airpt_dep_lat,airpt_dep_lon,airpt_arr_lat,airpt_arr_lon
LEMD,314318,LEJR,36.74459838867188,-6.060110092163086,40.471926,-3.56264
LEBL,55549,LEJR,36.74459838867188,-6.060110092163086,41.2971,2.0784599999999998
EDDF,51547,LEJR,36.74459838867188,-6.060110092163086,50.033333,8.570556
EDDM,42853,LEJR,36.74459838867188,-6.060110092163086,48.353802,11.7861
LEPA,41602,LEJR,36.74459838867188,-6.060110092163086,39.551700591999996,2.73881006241
EDDL,41586,LEJR,36.74459838867188,-6.060110092163086,51.289501,6.766780000000001
EGSS,30384,LEJR,36.74459838867188,-6.060110092163086,51.8849983215,0.23499999940400002
EDDS,25959,LEJR,36.74459838867188,-6.060110092163086,48.6898994446,9.22196006775
