airpt,value,airpt_lat,airpt_lon
LEMD,197714,40.471926,-3.56264
LEBL,75701,41.2971,2.0784599999999998
