airpt,value,airpt_lat,airpt_lon
LEMD,567740,40.471926,-3.56264
LEBL,152540,41.2971,2.0784599999999998
LFPO,26377,48.7233333,2.3794444
