airpt_arr,pax2001,airpt_dep,airpt_dep_lat,airpt_dep_lon,airpt_arr_lat,airpt_arr_lon
GCXO,414949,GCLA,28.626499,-17.7556,28.4827003479,-16.341499328599998
LEMD,99507,GCLA,28.626499,-17.7556,40.471926,-3.56264
GCLP,83856,GCLA,28.626499,-17.7556,27.931900024414066,-15.38659954071045
EDDM,42761,GCLA,28.626499,-17.7556,48.353802,11.7861
EHAM,37226,GCLA,28.626499,-17.7556,52.308601,4.76389
EDDL,34860,GCLA,28.626499,-17.7556,51.289501,6.766780000000001
EDDF,29610,GCLA,28.626499,-17.7556,50.033333,8.570556
EDDH,23862,GCLA,28.626499,-17.7556,53.630401611328004,9.988229751586902
EDDS,22670,GCLA,28.626499,-17.7556,48.6898994446,9.22196006775
