airpt,value,airpt_lat,airpt_lon
LEMD,537370,40.471926,-3.56264
LEBL,171552,41.2971,2.0784599999999998
GCTS,35857,28.044500351,-16.5725002289
LEPA,32022,39.551700591999996,2.73881006241
