airpt,value,airpt_lat,airpt_lon
EGKK,58638,51.148102,-0.190278
EGSS,48650,51.8849983215,0.23499999940400002
LEMD,40985,40.471926,-3.56264
