airpt,value,airpt_lat,airpt_lon
GCXO,120381,28.4827003479,-16.341499328599998
