airpt,value,airpt_lat,airpt_lon
LEMD,203145,40.471926,-3.56264
LEBL,59020,41.2971,2.0784599999999998
