airpt,value,airpt_lat,airpt_lon
LEMD,31663,40.471926,-3.56264
LEBL,30113,41.2971,2.0784599999999998
GCTS,14219,28.044500351,-16.5725002289
LEPA,12020,39.551700591999996,2.73881006241
