airpt_arr,pax2001,airpt_dep,airpt_dep_lat,airpt_dep_lon,airpt_arr_lat,airpt_arr_lon
LEMD,167574,LEAM,36.84389877319336,-2.3701000213623047,40.471926,-3.56264
EGKK,83108,LEAM,36.84389877319336,-2.3701000213623047,51.148102,-0.190278
LEBL,80594,LEAM,36.84389877319336,-2.3701000213623047,41.2971,2.0784599999999998
EBBR,78163,LEAM,36.84389877319336,-2.3701000213623047,50.9014015198,4.48443984985
EGCC,66782,LEAM,36.84389877319336,-2.3701000213623047,53.35369873046875,-2.2749500274658203
EDDL,61178,LEAM,36.84389877319336,-2.3701000213623047,51.289501,6.766780000000001
EGBB,42286,LEAM,36.84389877319336,-2.3701000213623047,52.4538993835,-1.7480299472799998
LEPA,41903,LEAM,36.84389877319336,-2.3701000213623047,39.551700591999996,2.73881006241
EDDF,29504,LEAM,36.84389877319336,-2.3701000213623047,50.033333,8.570556
