airpt,value,airpt_lat,airpt_lon
LEMD,314318,40.471926,-3.56264
LEBL,55549,41.2971,2.0784599999999998
EDDF,51547,50.033333,8.570556
EDDM,42853,48.353802,11.7861
LEPA,41602,39.551700591999996,2.73881006241
EDDL,41586,51.289501,6.766780000000001
EGSS,30384,51.8849983215,0.23499999940400002
EDDS,25959,48.6898994446,9.22196006775
