airpt_arr,pax2001,airpt_dep,airpt_dep_lat,airpt_dep_lon,airpt_arr_lat,airpt_arr_lon
LEMG,182429,GEML,35.279800415,-2.9562599658999997,36.67490005493164,-4.499110221862793
LEAM,17325,GEML,35.279800415,-2.9562599658999997,36.84389877319336,-2.3701000213623047
