airpt,value,airpt_lat,airpt_lon
LEMD,95034,40.471926,-3.56264
LEPA,50976,39.551700591999996,2.73881006241
GCTS,26882,28.044500351,-16.5725002289
