airpt_arr,pax2001,airpt_dep,airpt_dep_lat,airpt_dep_lon,airpt_arr_lat,airpt_arr_lon
LEMD,567740,LEVX,42.2318000793457,-8.62677001953125,40.471926,-3.56264
LEBL,152540,LEVX,42.2318000793457,-8.62677001953125,41.2971,2.0784599999999998
LFPO,26377,LEVX,42.2318000793457,-8.62677001953125,48.7233333,2.3794444
