airpt,value,airpt_lat,airpt_lon
LEMD,189067,40.471926,-3.56264
LEBL,75700,41.2971,2.0784599999999998
