airpt_arr,value,airpt_dep,airpt_dep_lat,airpt_dep_lon,airpt_arr_lat,airpt_arr_lon
EGCC,102903,LEGE,41.901000976999995,2.7605500221,53.35369873046875,-2.2749500274658203
EGKK,72803,LEGE,41.901000976999995,2.7605500221,51.148102,-0.190278
EBBR,40830,LEGE,41.901000976999995,2.7605500221,50.9014015198,4.48443984985
EGBB,40523,LEGE,41.901000976999995,2.7605500221,52.4538993835,-1.7480299472799998
EGPF,40309,LEGE,41.901000976999995,2.7605500221,55.8718986511,-4.43306016922
EGFF,26144,LEGE,41.901000976999995,2.7605500221,51.39670181274414,-3.343329906463623
