airpt_arr,pax2002,airpt_dep,airpt_dep_lat,airpt_dep_lon,airpt_arr_lat,airpt_arr_lon
LEMD,95748,LEZG,41.66619873046875,-1.0415500402450562,40.471926,-3.56264
LEPA,38400,LEZG,41.66619873046875,-1.0415500402450562,39.551700591999996,2.73881006241
GCTS,34261,LEZG,41.66619873046875,-1.0415500402450562,28.044500351,-16.5725002289
LEBL,15947,LEZG,41.66619873046875,-1.0415500402450562,41.2971,2.0784599999999998
EDDF,15360,LEZG,41.66619873046875,-1.0415500402450562,50.033333,8.570556
