airpt_arr,pax2002,airpt_dep,airpt_dep_lat,airpt_dep_lon,airpt_arr_lat,airpt_arr_lon
LEBL,54039,LEVD,41.7061004639,-4.85194015503,41.2971,2.0784599999999998
LFPO,30093,LEVD,41.7061004639,-4.85194015503,48.7233333,2.3794444
GCTS,29095,LEVD,41.7061004639,-4.85194015503,28.044500351,-16.5725002289
LEPA,24941,LEVD,41.7061004639,-4.85194015503,39.551700591999996,2.73881006241
