airpt_arr,pax2002,airpt_dep,airpt_dep_lat,airpt_dep_lon,airpt_arr_lat,airpt_arr_lon
GCXO,403173,GCLA,28.626499,-17.7556,28.4827003479,-16.341499328599998
GCLP,89135,GCLA,28.626499,-17.7556,27.931900024414066,-15.38659954071045
LEMD,80502,GCLA,28.626499,-17.7556,40.471926,-3.56264
EHAM,42242,GCLA,28.626499,-17.7556,52.308601,4.76389
EDDM,37854,GCLA,28.626499,-17.7556,48.353802,11.7861
EDDL,29072,GCLA,28.626499,-17.7556,51.289501,6.766780000000001
EDDF,26756,GCLA,28.626499,-17.7556,50.033333,8.570556
EDDS,20816,GCLA,28.626499,-17.7556,48.6898994446,9.22196006775
EDDH,20493,GCLA,28.626499,-17.7556,53.630401611328004,9.988229751586902
