airpt_arr,pax2002,airpt_dep,airpt_dep_lat,airpt_dep_lon,airpt_arr_lat,airpt_arr_lon
LEMD,288130,LEJR,36.74459838867188,-6.060110092163086,40.471926,-3.56264
LEBL,56533,LEJR,36.74459838867188,-6.060110092163086,41.2971,2.0784599999999998
EDDF,53505,LEJR,36.74459838867188,-6.060110092163086,50.033333,8.570556
EDDL,47910,LEJR,36.74459838867188,-6.060110092163086,51.289501,6.766780000000001
EDDM,41428,LEJR,36.74459838867188,-6.060110092163086,48.353802,11.7861
LEPA,36217,LEJR,36.74459838867188,-6.060110092163086,39.551700591999996,2.73881006241
EDDS,23048,LEJR,36.74459838867188,-6.060110092163086,48.6898994446,9.22196006775
EBBR,22803,LEJR,36.74459838867188,-6.060110092163086,50.9014015198,4.48443984985
