airpt_arr,pax2002,airpt_dep,airpt_dep_lat,airpt_dep_lon,airpt_arr_lat,airpt_arr_lon
LEMD,655950,LEST,42.89630126953125,-8.415140151977539,40.471926,-3.56264
LEBL,204624,LEST,42.89630126953125,-8.415140151977539,41.2971,2.0784599999999998
GCTS,80622,LEST,42.89630126953125,-8.415140151977539,28.044500351,-16.5725002289
EGLL,66634,LEST,42.89630126953125,-8.415140151977539,51.4706,-0.461941
LEPA,61517,LEST,42.89630126953125,-8.415140151977539,39.551700591999996,2.73881006241
LEBB,35329,LEST,42.89630126953125,-8.415140151977539,43.30110168457031,-2.9106099605560303
