airpt_arr,pax2002,airpt_dep,airpt_dep_lat,airpt_dep_lon,airpt_arr_lat,airpt_arr_lon
LEMD,509063,LEAS,43.5635986328125,-6.0346198081970215,40.471926,-3.56264
LEBL,138728,LEAS,43.5635986328125,-6.0346198081970215,41.2971,2.0784599999999998
GCTS,49675,LEAS,43.5635986328125,-6.0346198081970215,28.044500351,-16.5725002289
LEPA,26892,LEAS,43.5635986328125,-6.0346198081970215,39.551700591999996,2.73881006241
