airpt,value,airpt_lat,airpt_lon
EGSS,112330,51.8849983215,0.23499999940400002
EGKK,67856,51.148102,-0.190278
LEMD,42406,40.471926,-3.56264
EGNX,25907,52.8311004639,-1.32806003094
EGCC,15267,53.35369873046875,-2.2749500274658203
