airpt,value,airpt_lat,airpt_lon
LEMD,95748,40.471926,-3.56264
LEPA,38400,39.551700591999996,2.73881006241
GCTS,34261,28.044500351,-16.5725002289
LEBL,15947,41.2971,2.0784599999999998
EDDF,15360,50.033333,8.570556
