airpt,value,airpt_lat,airpt_lon
EGCC,102903,53.35369873046875,-2.2749500274658203
EGKK,72803,51.148102,-0.190278
EBBR,40830,50.9014015198,4.48443984985
EGBB,40523,52.4538993835,-1.7480299472799998
EGPF,40309,55.8718986511,-4.43306016922
EGFF,26144,51.39670181274414,-3.343329906463623
