airpt,value,airpt_lat,airpt_lon
LEBL,54039,41.2971,2.0784599999999998
LFPO,30093,48.7233333,2.3794444
GCTS,29095,28.044500351,-16.5725002289
LEPA,24941,39.551700591999996,2.73881006241
