airpt_arr,pax2002,airpt_dep,airpt_dep_lat,airpt_dep_lon,airpt_arr_lat,airpt_arr_lon
LEMD,853712,GCXO,28.4827003479,-16.341499328599998,40.471926,-3.56264
GCLP,423920,GCXO,28.4827003479,-16.341499328599998,27.931900024414066,-15.38659954071045
GCLA,401854,GCXO,28.4827003479,-16.341499328599998,28.626499,-17.7556
LEBL,252028,GCXO,28.4827003479,-16.341499328599998,41.2971,2.0784599999999998
GCRR,182331,GCXO,28.4827003479,-16.341499328599998,28.945498999999998,-13.6052
GCFV,113076,GCXO,28.4827003479,-16.341499328599998,28.452699661254886,-13.863800048828125
GCHI,108653,GCXO,28.4827003479,-16.341499328599998,27.814800262451172,-17.887100219726562
LEZL,94483,GCXO,28.4827003479,-16.341499328599998,37.41799926757813,-5.8931097984313965
EDDL,26945,GCXO,28.4827003479,-16.341499328599998,51.289501,6.766780000000001
