airpt,value,airpt_lat,airpt_lon
LEMD,288130,40.471926,-3.56264
LEBL,56533,41.2971,2.0784599999999998
EDDF,53505,50.033333,8.570556
EDDL,47910,51.289501,6.766780000000001
EDDM,41428,48.353802,11.7861
LEPA,36217,39.551700591999996,2.73881006241
EDDS,23048,48.6898994446,9.22196006775
EBBR,22803,50.9014015198,4.48443984985
