airpt,value,airpt_lat,airpt_lon
LEMD,229963,40.471926,-3.56264
LEBL,71925,41.2971,2.0784599999999998
