airpt,value,airpt_lat,airpt_lon
LEMG,144230,36.67490005493164,-4.499110221862793
LEMD,31422,40.471926,-3.56264
LEAM,16112,36.84389877319336,-2.3701000213623047
