airpt_arr,pax2002,airpt_dep,airpt_dep_lat,airpt_dep_lon,airpt_arr_lat,airpt_arr_lon
EGSS,112330,LELC,37.775001525878906,-0.8123890161514282,51.8849983215,0.23499999940400002
EGKK,67856,LELC,37.775001525878906,-0.8123890161514282,51.148102,-0.190278
LEMD,42406,LELC,37.775001525878906,-0.8123890161514282,40.471926,-3.56264
EGNX,25907,LELC,37.775001525878906,-0.8123890161514282,52.8311004639,-1.32806003094
EGCC,15267,LELC,37.775001525878906,-0.8123890161514282,53.35369873046875,-2.2749500274658203
