airpt,value,airpt_lat,airpt_lon
LEMD,533161,40.471926,-3.56264
LEBL,154645,41.2971,2.0784599999999998
GCTS,42735,28.044500351,-16.5725002289
LEPA,39438,39.551700591999996,2.73881006241
