airpt,value,airpt_lat,airpt_lon
LEMD,301291,40.471926,-3.56264
LEBL,58316,41.2971,2.0784599999999998
EDDF,56296,50.033333,8.570556
LEPA,51199,39.551700591999996,2.73881006241
EDDL,49524,51.289501,6.766780000000001
EDDM,42459,48.353802,11.7861
EDDS,33359,48.6898994446,9.22196006775
EBBR,23280,50.9014015198,4.48443984985
EGSS,22727,51.8849983215,0.23499999940400002
EDDH,21145,53.630401611328004,9.988229751586902
EDDV,20332,52.461101532,9.68507957458
