airpt_arr,value,airpt_dep,airpt_dep_lat,airpt_dep_lon,airpt_arr_lat,airpt_arr_lon
LEMD,928047,GCXO,28.4827003479,-16.341499328599998,40.471926,-3.56264
GCLA,466428,GCXO,28.4827003479,-16.341499328599998,28.626499,-17.7556
GCLP,446725,GCXO,28.4827003479,-16.341499328599998,27.931900024414066,-15.38659954071045
LEBL,289561,GCXO,28.4827003479,-16.341499328599998,41.2971,2.0784599999999998
GCRR,198498,GCXO,28.4827003479,-16.341499328599998,28.945498999999998,-13.6052
LEZL,161794,GCXO,28.4827003479,-16.341499328599998,37.41799926757813,-5.8931097984313965
GCFV,129561,GCXO,28.4827003479,-16.341499328599998,28.452699661254886,-13.863800048828125
GCHI,117333,GCXO,28.4827003479,-16.341499328599998,27.814800262451172,-17.887100219726562
