airpt,value,airpt_lat,airpt_lon
LEBL,59177,41.2971,2.0784599999999998
LFPO,33422,48.7233333,2.3794444
GCTS,29649,28.044500351,-16.5725002289
LEPA,18702,39.551700591999996,2.73881006241
EGSS,15477,51.8849983215,0.23499999940400002
