airpt,value,airpt_lat,airpt_lon
LEMD,138350,40.471926,-3.56264
EGKK,102966,51.148102,-0.190278
EBBR,83061,50.9014015198,4.48443984985
LEBL,79648,41.2971,2.0784599999999998
EGCC,58568,53.35369873046875,-2.2749500274658203
EGBB,41632,52.4538993835,-1.7480299472799998
EDDL,39672,51.289501,6.766780000000001
LEPA,39476,39.551700591999996,2.73881006241
EDDF,20593,50.033333,8.570556
