airpt_arr,value,airpt_dep,airpt_dep_lat,airpt_dep_lon,airpt_arr_lat,airpt_arr_lon
GCXO,463788,GCLA,28.626499,-17.7556,28.4827003479,-16.341499328599998
GCLP,87962,GCLA,28.626499,-17.7556,27.931900024414066,-15.38659954071045
LEMD,74717,GCLA,28.626499,-17.7556,40.471926,-3.56264
EHAM,45757,GCLA,28.626499,-17.7556,52.308601,4.76389
EDDM,41500,GCLA,28.626499,-17.7556,48.353802,11.7861
EDDL,27879,GCLA,28.626499,-17.7556,51.289501,6.766780000000001
EDDF,25993,GCLA,28.626499,-17.7556,50.033333,8.570556
EDDS,22507,GCLA,28.626499,-17.7556,48.6898994446,9.22196006775
