airpt,value,airpt_lat,airpt_lon
LEMG,136039,36.67490005493164,-4.499110221862793
LEMD,41906,40.471926,-3.56264
LEAM,15882,36.84389877319336,-2.3701000213623047
