airpt_arr,value,airpt_dep,airpt_dep_lat,airpt_dep_lon,airpt_arr_lat,airpt_arr_lon
LEMD,76376,LEZG,41.66619873046875,-1.0415500402450562,40.471926,-3.56264
LEPA,51348,LEZG,41.66619873046875,-1.0415500402450562,39.551700591999996,2.73881006241
GCTS,36665,LEZG,41.66619873046875,-1.0415500402450562,28.044500351,-16.5725002289
