airpt,value,airpt_lat,airpt_lon
LEMD,701795,40.471926,-3.56264
LEBL,223713,41.2971,2.0784599999999998
GCTS,89262,28.044500351,-16.5725002289
EGLL,78379,51.4706,-0.461941
LEPA,66048,39.551700591999996,2.73881006241
LEBB,35869,43.30110168457031,-2.9106099605560303
GCLP,20010,27.931900024414066,-15.38659954071045
