airpt_arr,pax2003,airpt_dep,airpt_dep_lat,airpt_dep_lon,airpt_arr_lat,airpt_arr_lon
LEBL,59177,LEVD,41.7061004639,-4.85194015503,41.2971,2.0784599999999998
LFPO,33422,LEVD,41.7061004639,-4.85194015503,48.7233333,2.3794444
GCTS,29649,LEVD,41.7061004639,-4.85194015503,28.044500351,-16.5725002289
LEPA,18702,LEVD,41.7061004639,-4.85194015503,39.551700591999996,2.73881006241
EGSS,15477,LEVD,41.7061004639,-4.85194015503,51.8849983215,0.23499999940400002
