airpt,value,airpt_lat,airpt_lon
LEMD,76376,40.471926,-3.56264
LEPA,51348,39.551700591999996,2.73881006241
GCTS,36665,28.044500351,-16.5725002289
