airpt_arr,pax2003,airpt_dep,airpt_dep_lat,airpt_dep_lon,airpt_arr_lat,airpt_arr_lon
EGSS,164811,LELC,37.775001525878906,-0.8123890161514282,51.8849983215,0.23499999940400002
EGBB,104044,LELC,37.775001525878906,-0.8123890161514282,52.4538993835,-1.7480299472799998
EGKK,70640,LELC,37.775001525878906,-0.8123890161514282,51.148102,-0.190278
EGNX,50243,LELC,37.775001525878906,-0.8123890161514282,52.8311004639,-1.32806003094
LEMD,45358,LELC,37.775001525878906,-0.8123890161514282,40.471926,-3.56264
EGHI,37198,LELC,37.775001525878906,-0.8123890161514282,50.95029830932617,-1.3567999601364136
EGCC,34509,LELC,37.775001525878906,-0.8123890161514282,53.35369873046875,-2.2749500274658203
