airpt_arr,pax2003,airpt_dep,airpt_dep_lat,airpt_dep_lon,airpt_arr_lat,airpt_arr_lon
LEMD,701795,LEST,42.89630126953125,-8.415140151977539,40.471926,-3.56264
LEBL,223713,LEST,42.89630126953125,-8.415140151977539,41.2971,2.0784599999999998
GCTS,89262,LEST,42.89630126953125,-8.415140151977539,28.044500351,-16.5725002289
EGLL,78379,LEST,42.89630126953125,-8.415140151977539,51.4706,-0.461941
LEPA,66048,LEST,42.89630126953125,-8.415140151977539,39.551700591999996,2.73881006241
LEBB,35869,LEST,42.89630126953125,-8.415140151977539,43.30110168457031,-2.9106099605560303
GCLP,20010,LEST,42.89630126953125,-8.415140151977539,27.931900024414066,-15.38659954071045
