airpt_arr,pax2003,airpt_dep,airpt_dep_lat,airpt_dep_lon,airpt_arr_lat,airpt_arr_lon
LEMD,533161,LEAS,43.5635986328125,-6.0346198081970215,40.471926,-3.56264
LEBL,154645,LEAS,43.5635986328125,-6.0346198081970215,41.2971,2.0784599999999998
GCTS,42735,LEAS,43.5635986328125,-6.0346198081970215,28.044500351,-16.5725002289
LEPA,39438,LEAS,43.5635986328125,-6.0346198081970215,39.551700591999996,2.73881006241
