airpt,value,airpt_lat,airpt_lon
LEMG,146279,36.67490005493164,-4.499110221862793
LEMD,46658,40.471926,-3.56264
LEAM,21051,36.84389877319336,-2.3701000213623047
LEGR,16721,37.18870162963867,-3.777359962463379
