airpt_arr,pax2004,airpt_dep,airpt_dep_lat,airpt_dep_lon,airpt_arr_lat,airpt_arr_lon
LEMD,426659,LECO,43.302101,-8.37726,40.471926,-3.56264
LEBL,121440,LECO,43.302101,-8.37726,41.2971,2.0784599999999998
