airpt,value,airpt_lat,airpt_lon
LEMD,426659,40.471926,-3.56264
LEBL,121440,41.2971,2.0784599999999998
