airpt,value,airpt_lat,airpt_lon
LEBL,893080,41.2971,2.0784599999999998
LEMD,449219,40.471926,-3.56264
LEPA,231602,39.551700591999996,2.73881006241
LFPO,183566,48.7233333,2.3794444
GCXO,183232,28.4827003479,-16.341499328599998
GCLP,115771,27.931900024414066,-15.38659954071045
LEVC,86179,39.4893,-0.481625
EGLL,84649,51.4706,-0.461941
EGKK,79107,51.148102,-0.190278
LEBB,68834,43.30110168457031,-2.9106099605560303
GCTS,48831,28.044500351,-16.5725002289
EBBR,42463,50.9014015198,4.48443984985
