airpt,value,airpt_lat,airpt_lon
LEMD,28620,40.471926,-3.56264
GCTS,17181,28.044500351,-16.5725002289
LEBL,13395,41.2971,2.0784599999999998
LEPA,10299,39.551700591999996,2.73881006241
