airpt,value,airpt_lat,airpt_lon
EGSS,107651,51.8849983215,0.23499999940400002
EBCI,100869,50.459202000000005,4.4538199999999994
LEBL,67382,41.2971,2.0784599999999998
LFPO,46284,48.7233333,2.3794444
GCTS,31802,28.044500351,-16.5725002289
LEPA,17535,39.551700591999996,2.73881006241
