airpt,value,airpt_lat,airpt_lon
LEPA,53395,39.551700591999996,2.73881006241
GCTS,47921,28.044500351,-16.5725002289
LEMD,22734,40.471926,-3.56264
