airpt,value,airpt_lat,airpt_lon
LEMD,780875,40.471926,-3.56264
LEBL,241971,41.2971,2.0784599999999998
GCTS,99607,28.044500351,-16.5725002289
LEPA,72868,39.551700591999996,2.73881006241
EGLL,72826,51.4706,-0.461941
LEBB,42182,43.30110168457031,-2.9106099605560303
LEVC,34933,39.4893,-0.481625
GCLP,29622,27.931900024414066,-15.38659954071045
LEZL,28768,37.41799926757813,-5.8931097984313965
GCRR,25904,28.945498999999998,-13.6052
