airpt,value,airpt_lat,airpt_lon
LEMD,210347,40.471926,-3.56264
LEBL,75900,41.2971,2.0784599999999998
