airpt,value,airpt_lat,airpt_lon
LEMD,299838,40.471926,-3.56264
EGSS,181395,51.8849983215,0.23499999940400002
EDFH,71338,49.9487,7.263889999999999
EDDF,58511,50.033333,8.570556
LEBL,57825,41.2971,2.0784599999999998
LEPA,53022,39.551700591999996,2.73881006241
EDDL,48373,51.289501,6.766780000000001
EDDM,40174,48.353802,11.7861
EDDS,39000,48.6898994446,9.22196006775
EBBR,24900,50.9014015198,4.48443984985
EDDH,22779,53.630401611328004,9.988229751586902
