airpt,value,airpt_lat,airpt_lon
GCXO,522370,28.4827003479,-16.341499328599998
GCLP,89737,27.931900024414066,-15.38659954071045
LEMD,81514,40.471926,-3.56264
EHAM,45305,52.308601,4.76389
EDDM,45123,48.353802,11.7861
EDDL,30167,51.289501,6.766780000000001
EDDF,28031,50.033333,8.570556
EDDS,21639,48.6898994446,9.22196006775
