airpt_arr,pax2004,airpt_dep,airpt_dep_lat,airpt_dep_lon,airpt_arr_lat,airpt_arr_lon
LEMD,632476,LEVX,42.2318000793457,-8.62677001953125,40.471926,-3.56264
LEBL,138053,LEVX,42.2318000793457,-8.62677001953125,41.2971,2.0784599999999998
LFPG,29063,LEVX,42.2318000793457,-8.62677001953125,49.012798,2.55
GCTS,23113,LEVX,42.2318000793457,-8.62677001953125,28.044500351,-16.5725002289
LFPO,22617,LEVX,42.2318000793457,-8.62677001953125,48.7233333,2.3794444
