airpt,value,airpt_lat,airpt_lon
LEMD,191152,40.471926,-3.56264
LEBL,63689,41.2971,2.0784599999999998
EGSS,30310,51.8849983215,0.23499999940400002
LIRA,29301,41.7994,12.5949
