airpt_arr,pax2004,airpt_dep,airpt_dep_lat,airpt_dep_lon,airpt_arr_lat,airpt_arr_lon
LEPA,53395,LEZG,41.66619873046875,-1.0415500402450562,39.551700591999996,2.73881006241
GCTS,47921,LEZG,41.66619873046875,-1.0415500402450562,28.044500351,-16.5725002289
LEMD,22734,LEZG,41.66619873046875,-1.0415500402450562,40.471926,-3.56264
