airpt,value,airpt_lat,airpt_lon
LEMD,632476,40.471926,-3.56264
LEBL,138053,41.2971,2.0784599999999998
LFPG,29063,49.012798,2.55
GCTS,23113,28.044500351,-16.5725002289
LFPO,22617,48.7233333,2.3794444
