airpt,value,airpt_lat,airpt_lon
EGSS,275186,51.8849983215,0.23499999940400002
EGBB,138673,52.4538993835,-1.7480299472799998
EGKK,70303,51.148102,-0.190278
EGNX,67575,52.8311004639,-1.32806003094
EGNM,61934,53.86589813232422,-1.6605700254440308
LEMD,53048,40.471926,-3.56264
EGHI,52059,50.95029830932617,-1.3567999601364136
EGCC,33737,53.35369873046875,-2.2749500274658203
ENGM,29389,60.193901062011996,11.100399971008
EIDW,24857,53.421299,-6.27007
