airpt,value,airpt_lat,airpt_lon
LEMD,1103252,40.471926,-3.56264
GCLP,529938,27.931900024414066,-15.38659954071045
GCLA,522604,28.626499,-17.7556
LEBL,299461,41.2971,2.0784599999999998
GCRR,221524,28.945498999999998,-13.6052
LEZL,183938,37.41799926757813,-5.8931097984313965
GCFV,148587,28.452699661254886,-13.863800048828125
GCHI,118509,27.814800262451172,-17.887100219726562
LEBB,50415,43.30110168457031,-2.9106099605560303
