airpt_arr,pax2004,airpt_dep,airpt_dep_lat,airpt_dep_lon,airpt_arr_lat,airpt_arr_lon
LEMD,252720,LEGR,37.18870162963867,-3.777359962463379,40.471926,-3.56264
LEBL,186239,LEGR,37.18870162963867,-3.777359962463379,41.2971,2.0784599999999998
LEPA,99946,LEGR,37.18870162963867,-3.777359962463379,39.551700591999996,2.73881006241
