airpt,value,airpt_lat,airpt_lon
EGSS,210879,51.8849983215,0.23499999940400002
LEMD,165717,40.471926,-3.56264
EGKK,147464,51.148102,-0.190278
LEBL,104135,41.2971,2.0784599999999998
EGCC,86340,53.35369873046875,-2.2749500274658203
EGBB,78370,52.4538993835,-1.7480299472799998
EBBR,58772,50.9014015198,4.48443984985
LEPA,49487,39.551700591999996,2.73881006241
EDDL,31024,51.289501,6.766780000000001
GEML,22293,35.279800415,-2.9562599658999997
