airpt,value,airpt_lat,airpt_lon
LEMD,664879,40.471926,-3.56264
LEBL,197476,41.2971,2.0784599999999998
LFPG,121693,49.012798,2.55
LEVC,27209,39.4893,-0.481625
LEBB,23435,43.30110168457031,-2.9106099605560303
GCTS,22244,28.044500351,-16.5725002289
LFPO,20848,48.7233333,2.3794444
