airpt_arr,pax2005,airpt_dep,airpt_dep_lat,airpt_dep_lon,airpt_arr_lat,airpt_arr_lon
GCXO,587955,GCLA,28.626499,-17.7556,28.4827003479,-16.341499328599998
GCLP,109448,GCLA,28.626499,-17.7556,27.931900024414066,-15.38659954071045
LEMD,91347,GCLA,28.626499,-17.7556,40.471926,-3.56264
EHAM,49568,GCLA,28.626499,-17.7556,52.308601,4.76389
EDDM,39956,GCLA,28.626499,-17.7556,48.353802,11.7861
EDDL,33571,GCLA,28.626499,-17.7556,51.289501,6.766780000000001
EDDF,28062,GCLA,28.626499,-17.7556,50.033333,8.570556
EDDS,26535,GCLA,28.626499,-17.7556,48.6898994446,9.22196006775
EDDN,24035,GCLA,28.626499,-17.7556,49.498699,11.078056
