airpt_arr,pax2005,airpt_dep,airpt_dep_lat,airpt_dep_lon,airpt_arr_lat,airpt_arr_lon
LEMD,284138,LEGR,37.18870162963867,-3.777359962463379,40.471926,-3.56264
LEBL,187885,LEGR,37.18870162963867,-3.777359962463379,41.2971,2.0784599999999998
LEPA,163939,LEGR,37.18870162963867,-3.777359962463379,39.551700591999996,2.73881006241
EGSS,112248,LEGR,37.18870162963867,-3.777359962463379,51.8849983215,0.23499999940400002
EGGP,74457,LEGR,37.18870162963867,-3.777359962463379,53.33359909057617,-2.849720001220703
EGKK,47495,LEGR,37.18870162963867,-3.777359962463379,51.148102,-0.190278
