airpt_arr,value,airpt_dep,airpt_dep_lat,airpt_dep_lon,airpt_arr_lat,airpt_arr_lon
LEMD,195206,LEXJ,43.427101135253906,-3.82000994682312,40.471926,-3.56264
LIRA,110593,LEXJ,43.427101135253906,-3.82000994682312,41.7994,12.5949
EGSS,106299,LEXJ,43.427101135253906,-3.82000994682312,51.8849983215,0.23499999940400002
EDFH,90912,LEXJ,43.427101135253906,-3.82000994682312,49.9487,7.263889999999999
LEBL,65900,LEXJ,43.427101135253906,-3.82000994682312,41.2971,2.0784599999999998
