airpt,value,airpt_lat,airpt_lon
EBCI,107535,50.459202000000005,4.4538199999999994
EGSS,105474,51.8849983215,0.23499999940400002
LEBL,78118,41.2971,2.0784599999999998
LFPO,51431,48.7233333,2.3794444
GCTS,36317,28.044500351,-16.5725002289
LEPA,19250,39.551700591999996,2.73881006241
