airpt,value,airpt_lat,airpt_lon
LEMD,29149,40.471926,-3.56264
GCTS,17859,28.044500351,-16.5725002289
LEBL,13431,41.2971,2.0784599999999998
