airpt,value,airpt_lat,airpt_lon
LEMD,628105,40.471926,-3.56264
LEBL,274167,41.2971,2.0784599999999998
GCTS,70639,28.044500351,-16.5725002289
EGSS,60387,51.8849983215,0.23499999940400002
LEPA,56422,39.551700591999996,2.73881006241
GCRR,41258,28.945498999999998,-13.6052
LEZL,27060,37.41799926757813,-5.8931097984313965
LEAL,24611,38.28219985961914,-0.5581560134887695
LEMG,24189,36.67490005493164,-4.499110221862793
