airpt,value,airpt_lat,airpt_lon
LEMD,427383,40.471926,-3.56264
EGSS,206127,51.8849983215,0.23499999940400002
EDFH,112678,49.9487,7.263889999999999
LEBL,86980,41.2971,2.0784599999999998
LEPA,56859,39.551700591999996,2.73881006241
EDDF,48837,50.033333,8.570556
EDDM,43636,48.353802,11.7861
EDDL,41903,51.289501,6.766780000000001
EDDS,36433,48.6898994446,9.22196006775
EDDH,27823,53.630401611328004,9.988229751586902
EBBR,25161,50.9014015198,4.48443984985
