airpt,value,airpt_lat,airpt_lon
EGSS,99767,51.8849983215,0.23499999940400002
LEPA,89734,39.551700591999996,2.73881006241
LIME,83582,45.673901,9.70417
GCTS,69867,28.044500351,-16.5725002289
