airpt_arr,pax2005,airpt_dep,airpt_dep_lat,airpt_dep_lon,airpt_arr_lat,airpt_arr_lon
EGSS,99767,LEZG,41.66619873046875,-1.0415500402450562,51.8849983215,0.23499999940400002
LEPA,89734,LEZG,41.66619873046875,-1.0415500402450562,39.551700591999996,2.73881006241
LIME,83582,LEZG,41.66619873046875,-1.0415500402450562,45.673901,9.70417
GCTS,69867,LEZG,41.66619873046875,-1.0415500402450562,28.044500351,-16.5725002289
