airpt_arr,pax2005,airpt_dep,airpt_dep_lat,airpt_dep_lon,airpt_arr_lat,airpt_arr_lon
LEMD,240820,LEPP,42.77000045776367,-1.6463299989700315,40.471926,-3.56264
LEBL,74116,LEPP,42.77000045776367,-1.6463299989700315,41.2971,2.0784599999999998
