airpt,value,airpt_lat,airpt_lon
LEMD,700977,40.471926,-3.56264
LEBL,258101,41.2971,2.0784599999999998
LFPG,89497,49.012798,2.55
LEBB,30133,43.30110168457031,-2.9106099605560303
GCTS,29100,28.044500351,-16.5725002289
LEVC,21225,39.4893,-0.481625
LEPA,20205,39.551700591999996,2.73881006241
