airpt,value,airpt_lat,airpt_lon
LEMD,203558,40.471926,-3.56264
LIRA,106607,41.7994,12.5949
EGSS,95553,51.8849983215,0.23499999940400002
LEBL,75503,41.2971,2.0784599999999998
EDFH,62178,49.9487,7.263889999999999
LEZL,23428,37.41799926757813,-5.8931097984313965
