airpt_arr,value,airpt_dep,airpt_dep_lat,airpt_dep_lon,airpt_arr_lat,airpt_arr_lon
EGSS,107180,LEVD,41.7061004639,-4.85194015503,51.8849983215,0.23499999940400002
EBCI,104849,LEVD,41.7061004639,-4.85194015503,50.459202000000005,4.4538199999999994
LEBL,89532,LEVD,41.7061004639,-4.85194015503,41.2971,2.0784599999999998
LFPO,41021,LEVD,41.7061004639,-4.85194015503,48.7233333,2.3794444
GCTS,35357,LEVD,41.7061004639,-4.85194015503,28.044500351,-16.5725002289
LEPA,23813,LEVD,41.7061004639,-4.85194015503,39.551700591999996,2.73881006241
