airpt,value,airpt_lat,airpt_lon
EGSS,210553,51.8849983215,0.23499999940400002
LEMD,203442,40.471926,-3.56264
LEBL,123091,41.2971,2.0784599999999998
EGKK,103610,51.148102,-0.190278
EGCC,92285,53.35369873046875,-2.2749500274658203
EBBR,53464,50.9014015198,4.48443984985
LEPA,40449,39.551700591999996,2.73881006241
EGBB,39908,52.4538993835,-1.7480299472799998
EDDL,27666,51.289501,6.766780000000001
EIDW,27513,53.421299,-6.27007
GEML,24577,35.279800415,-2.9562599658999997
