airpt,value,airpt_lat,airpt_lon
GCXO,600077,28.4827003479,-16.341499328599998
GCLP,120217,27.931900024414066,-15.38659954071045
LEMD,102117,40.471926,-3.56264
EDDM,52592,48.353802,11.7861
EHAM,44989,52.308601,4.76389
EDDF,31855,50.033333,8.570556
EDDL,24422,51.289501,6.766780000000001
EDDS,24340,48.6898994446,9.22196006775
EDDN,23586,49.498699,11.078056
