airpt_arr,value,airpt_dep,airpt_dep_lat,airpt_dep_lon,airpt_arr_lat,airpt_arr_lon
LEMD,646339,LEAS,43.5635986328125,-6.0346198081970215,40.471926,-3.56264
LEBL,308321,LEAS,43.5635986328125,-6.0346198081970215,41.2971,2.0784599999999998
EGSS,71057,LEAS,43.5635986328125,-6.0346198081970215,51.8849983215,0.23499999940400002
GCTS,62660,LEAS,43.5635986328125,-6.0346198081970215,28.044500351,-16.5725002289
LEPA,54728,LEAS,43.5635986328125,-6.0346198081970215,39.551700591999996,2.73881006241
GCRR,38248,LEAS,43.5635986328125,-6.0346198081970215,28.945498999999998,-13.6052
LEMG,25677,LEAS,43.5635986328125,-6.0346198081970215,36.67490005493164,-4.499110221862793
LEZL,24050,LEAS,43.5635986328125,-6.0346198081970215,37.41799926757813,-5.8931097984313965
LEVC,23626,LEAS,43.5635986328125,-6.0346198081970215,39.4893,-0.481625
