airpt_arr,pax2006,airpt_dep,airpt_dep_lat,airpt_dep_lon,airpt_arr_lat,airpt_arr_lon
LEMD,317389,LEGR,37.18870162963867,-3.777359962463379,40.471926,-3.56264
LEBL,253845,LEGR,37.18870162963867,-3.777359962463379,41.2971,2.0784599999999998
EGSS,146584,LEGR,37.18870162963867,-3.777359962463379,51.8849983215,0.23499999940400002
LEPA,117979,LEGR,37.18870162963867,-3.777359962463379,39.551700591999996,2.73881006241
EGGP,101685,LEGR,37.18870162963867,-3.777359962463379,53.33359909057617,-2.849720001220703
EGKK,52859,LEGR,37.18870162963867,-3.777359962463379,51.148102,-0.190278
GEML,20634,LEGR,37.18870162963867,-3.777359962463379,35.279800415,-2.9562599658999997
