airpt_arr,value,airpt_dep,airpt_dep_lat,airpt_dep_lon,airpt_arr_lat,airpt_arr_lon
LEMD,700977,LEVX,42.2318000793457,-8.62677001953125,40.471926,-3.56264
LEBL,258101,LEVX,42.2318000793457,-8.62677001953125,41.2971,2.0784599999999998
LFPG,89497,LEVX,42.2318000793457,-8.62677001953125,49.012798,2.55
LEBB,30133,LEVX,42.2318000793457,-8.62677001953125,43.30110168457031,-2.9106099605560303
GCTS,29100,LEVX,42.2318000793457,-8.62677001953125,28.044500351,-16.5725002289
LEVC,21225,LEVX,42.2318000793457,-8.62677001953125,39.4893,-0.481625
LEPA,20205,LEVX,42.2318000793457,-8.62677001953125,39.551700591999996,2.73881006241
