airpt,value,airpt_lat,airpt_lon
LEMD,250522,40.471926,-3.56264
LEBL,84184,41.2971,2.0784599999999998
LEZL,15571,37.41799926757813,-5.8931097984313965
