airpt_arr,pax2006,airpt_dep,airpt_dep_lat,airpt_dep_lon,airpt_arr_lat,airpt_arr_lon
LEMD,642168,LECO,43.302101,-8.37726,40.471926,-3.56264
LEBL,248554,LECO,43.302101,-8.37726,41.2971,2.0784599999999998
EGLL,76682,LECO,43.302101,-8.37726,51.4706,-0.461941
