airpt,value,airpt_lat,airpt_lon
LEMD,642168,40.471926,-3.56264
LEBL,248554,41.2971,2.0784599999999998
EGLL,76682,51.4706,-0.461941
