airpt_arr,pax2006,airpt_dep,airpt_dep_lat,airpt_dep_lon,airpt_arr_lat,airpt_arr_lon
LEMD,203558,LEXJ,43.427101135253906,-3.82000994682312,40.471926,-3.56264
LIRA,106607,LEXJ,43.427101135253906,-3.82000994682312,41.7994,12.5949
EGSS,95553,LEXJ,43.427101135253906,-3.82000994682312,51.8849983215,0.23499999940400002
LEBL,75503,LEXJ,43.427101135253906,-3.82000994682312,41.2971,2.0784599999999998
EDFH,62178,LEXJ,43.427101135253906,-3.82000994682312,49.9487,7.263889999999999
LEZL,23428,LEXJ,43.427101135253906,-3.82000994682312,37.41799926757813,-5.8931097984313965
