airpt,value,airpt_lat,airpt_lon
EGSS,107180,51.8849983215,0.23499999940400002
EBCI,104849,50.459202000000005,4.4538199999999994
LEBL,89532,41.2971,2.0784599999999998
LFPO,41021,48.7233333,2.3794444
GCTS,35357,28.044500351,-16.5725002289
LEPA,23813,39.551700591999996,2.73881006241
