airpt_arr,pax2006,airpt_dep,airpt_dep_lat,airpt_dep_lon,airpt_arr_lat,airpt_arr_lon
EGSS,99450,LEZG,41.66619873046875,-1.0415500402450562,51.8849983215,0.23499999940400002
LIME,73203,LEZG,41.66619873046875,-1.0415500402450562,45.673901,9.70417
LEPA,58048,LEZG,41.66619873046875,-1.0415500402450562,39.551700591999996,2.73881006241
GCTS,48482,LEZG,41.66619873046875,-1.0415500402450562,28.044500351,-16.5725002289
ZZZZ,34376,LEZG,41.66619873046875,-1.0415500402450562,30.784722,130.270556
LEMD,16682,LEZG,41.66619873046875,-1.0415500402450562,40.471926,-3.56264
