airpt,value,airpt_lat,airpt_lon
EGSS,82973,51.8849983215,0.23499999940400002
LEMD,27705,40.471926,-3.56264
