airpt,value,airpt_lat,airpt_lon
LEMD,1170147,40.471926,-3.56264
GCLP,726818,27.931900024414066,-15.38659954071045
GCLA,600077,28.626499,-17.7556
LEBL,317047,41.2971,2.0784599999999998
GCRR,276749,28.945498999999998,-13.6052
GCFV,221019,28.452699661254886,-13.863800048828125
LEZL,187650,37.41799926757813,-5.8931097984313965
GCHI,136146,27.814800262451172,-17.887100219726562
LEBB,49749,43.30110168457031,-2.9106099605560303
