airpt_arr,value,airpt_dep,airpt_dep_lat,airpt_dep_lon,airpt_arr_lat,airpt_arr_lon
LEMD,250522,LESO,43.35649871826172,-1.7906099557876587,40.471926,-3.56264
LEBL,84184,LESO,43.35649871826172,-1.7906099557876587,41.2971,2.0784599999999998
LEZL,15571,LESO,43.35649871826172,-1.7906099557876587,37.41799926757813,-5.8931097984313965
