airpt_arr,pax2007,airpt_dep,airpt_dep_lat,airpt_dep_lon,airpt_arr_lat,airpt_arr_lon
LEMD,249304,LEXJ,43.427101135253906,-3.82000994682312,40.471926,-3.56264
LIRA,109752,LEXJ,43.427101135253906,-3.82000994682312,41.7994,12.5949
LEBL,93364,LEXJ,43.427101135253906,-3.82000994682312,41.2971,2.0784599999999998
EGSS,90213,LEXJ,43.427101135253906,-3.82000994682312,51.8849983215,0.23499999940400002
EDFH,58431,LEXJ,43.427101135253906,-3.82000994682312,49.9487,7.263889999999999
EGGP,31613,LEXJ,43.427101135253906,-3.82000994682312,53.33359909057617,-2.849720001220703
LEZL,22489,LEXJ,43.427101135253906,-3.82000994682312,37.41799926757813,-5.8931097984313965
LEVC,20259,LEXJ,43.427101135253906,-3.82000994682312,39.4893,-0.481625
