airpt_arr,pax2007,airpt_dep,airpt_dep_lat,airpt_dep_lon,airpt_arr_lat,airpt_arr_lon
GCXO,627387,GCLA,28.626499,-17.7556,28.4827003479,-16.341499328599998
GCLP,128176,GCLA,28.626499,-17.7556,27.931900024414066,-15.38659954071045
LEMD,114261,GCLA,28.626499,-17.7556,40.471926,-3.56264
EDDM,47906,GCLA,28.626499,-17.7556,48.353802,11.7861
EHAM,42589,GCLA,28.626499,-17.7556,52.308601,4.76389
EDDL,35823,GCLA,28.626499,-17.7556,51.289501,6.766780000000001
EDDF,31088,GCLA,28.626499,-17.7556,50.033333,8.570556
