airpt,value,airpt_lat,airpt_lon
LEMD,766384,40.471926,-3.56264
LEBL,324873,41.2971,2.0784599999999998
LEPA,117337,39.551700591999996,2.73881006241
EGSS,71815,51.8849983215,0.23499999940400002
GCTS,62624,28.044500351,-16.5725002289
GCRR,40454,28.945498999999998,-13.6052
LEVC,28581,39.4893,-0.481625
GCFV,26434,28.452699661254886,-13.863800048828125
LEZL,24894,37.41799926757813,-5.8931097984313965
