airpt_arr,pax2007,airpt_dep,airpt_dep_lat,airpt_dep_lon,airpt_arr_lat,airpt_arr_lon
LIME,103696,LEZG,41.66619873046875,-1.0415500402450562,45.673901,9.70417
EGSS,79107,LEZG,41.66619873046875,-1.0415500402450562,51.8849983215,0.23499999940400002
LEPA,54908,LEZG,41.66619873046875,-1.0415500402450562,39.551700591999996,2.73881006241
GCTS,43826,LEZG,41.66619873046875,-1.0415500402450562,28.044500351,-16.5725002289
LIRA,34411,LEZG,41.66619873046875,-1.0415500402450562,41.7994,12.5949
LEMD,32462,LEZG,41.66619873046875,-1.0415500402450562,40.471926,-3.56264
GCRR,29376,LEZG,41.66619873046875,-1.0415500402450562,28.945498999999998,-13.6052
