airpt,value,airpt_lat,airpt_lon
LEMD,354444,40.471926,-3.56264
LEBL,89629,41.2971,2.0784599999999998
