airpt_arr,value,airpt_dep,airpt_dep_lat,airpt_dep_lon,airpt_arr_lat,airpt_arr_lon
EGSS,47807,LEVT,42.8828010559082,-2.7244699001312256,51.8849983215,0.23499999940400002
EIDW,41260,LEVT,42.8828010559082,-2.7244699001312256,53.421299,-6.27007
LEMD,25526,LEVT,42.8828010559082,-2.7244699001312256,40.471926,-3.56264
