airpt_arr,pax2007,airpt_dep,airpt_dep_lat,airpt_dep_lon,airpt_arr_lat,airpt_arr_lon
LEMD,893289,LEVX,42.2318000793457,-8.62677001953125,40.471926,-3.56264
LEBL,284327,LEVX,42.2318000793457,-8.62677001953125,41.2971,2.0784599999999998
LFPG,96208,LEVX,42.2318000793457,-8.62677001953125,49.012798,2.55
GCTS,39512,LEVX,42.2318000793457,-8.62677001953125,28.044500351,-16.5725002289
LEBB,29232,LEVX,42.2318000793457,-8.62677001953125,43.30110168457031,-2.9106099605560303
LEVC,24563,LEVX,42.2318000793457,-8.62677001953125,39.4893,-0.481625
