airpt_arr,pax2007,airpt_dep,airpt_dep_lat,airpt_dep_lon,airpt_arr_lat,airpt_arr_lon
LEMD,766384,LEAS,43.5635986328125,-6.0346198081970215,40.471926,-3.56264
LEBL,324873,LEAS,43.5635986328125,-6.0346198081970215,41.2971,2.0784599999999998
LEPA,117337,LEAS,43.5635986328125,-6.0346198081970215,39.551700591999996,2.73881006241
EGSS,71815,LEAS,43.5635986328125,-6.0346198081970215,51.8849983215,0.23499999940400002
GCTS,62624,LEAS,43.5635986328125,-6.0346198081970215,28.044500351,-16.5725002289
GCRR,40454,LEAS,43.5635986328125,-6.0346198081970215,28.945498999999998,-13.6052
LEVC,28581,LEAS,43.5635986328125,-6.0346198081970215,39.4893,-0.481625
GCFV,26434,LEAS,43.5635986328125,-6.0346198081970215,28.452699661254886,-13.863800048828125
LEZL,24894,LEAS,43.5635986328125,-6.0346198081970215,37.41799926757813,-5.8931097984313965
