airpt,value,airpt_lat,airpt_lon
GCXO,627387,28.4827003479,-16.341499328599998
GCLP,128176,27.931900024414066,-15.38659954071045
LEMD,114261,40.471926,-3.56264
EDDM,47906,48.353802,11.7861
EHAM,42589,52.308601,4.76389
EDDL,35823,51.289501,6.766780000000001
EDDF,31088,50.033333,8.570556
