airpt,value,airpt_lat,airpt_lon
LEMD,249304,40.471926,-3.56264
LIRA,109752,41.7994,12.5949
LEBL,93364,41.2971,2.0784599999999998
EGSS,90213,51.8849983215,0.23499999940400002
EDFH,58431,49.9487,7.263889999999999
EGGP,31613,53.33359909057617,-2.849720001220703
LEZL,22489,37.41799926757813,-5.8931097984313965
LEVC,20259,39.4893,-0.481625
