airpt,value,airpt_lat,airpt_lon
EGSS,47807,51.8849983215,0.23499999940400002
EIDW,41260,53.421299,-6.27007
LEMD,25526,40.471926,-3.56264
