airpt,value,airpt_lat,airpt_lon
LEMG,185321,36.67490005493164,-4.499110221862793
LEMD,73517,40.471926,-3.56264
LEAM,23458,36.84389877319336,-2.3701000213623047
LEGR,23241,37.18870162963867,-3.777359962463379
LEBL,20452,41.2971,2.0784599999999998
