airpt,value,airpt_lat,airpt_lon
LEBL,119962,41.2971,2.0784599999999998
EGSS,86344,51.8849983215,0.23499999940400002
EBCI,82149,50.459202000000005,4.4538199999999994
LFPO,38159,48.7233333,2.3794444
LIME,36701,45.673901,9.70417
GCTS,35382,28.044500351,-16.5725002289
LEPA,28961,39.551700591999996,2.73881006241
