airpt,value,airpt_lat,airpt_lon
LIME,103696,45.673901,9.70417
EGSS,79107,51.8849983215,0.23499999940400002
LEPA,54908,39.551700591999996,2.73881006241
GCTS,43826,28.044500351,-16.5725002289
LIRA,34411,41.7994,12.5949
LEMD,32462,40.471926,-3.56264
GCRR,29376,28.945498999999998,-13.6052
