airpt,value,airpt_lat,airpt_lon
LEMD,827976,40.471926,-3.56264
LEBL,255810,41.2971,2.0784599999999998
EGLL,79371,51.4706,-0.461941
LEZL,65364,37.41799926757813,-5.8931097984313965
