airpt,value,airpt_lat,airpt_lon
LEMD,316983,40.471926,-3.56264
LEBL,74878,41.2971,2.0784599999999998
