airpt_arr,value,airpt_dep,airpt_dep_lat,airpt_dep_lon,airpt_arr_lat,airpt_arr_lon
LEBL,101206,LEVD,41.7061004639,-4.85194015503,41.2971,2.0784599999999998
EBCI,93616,LEVD,41.7061004639,-4.85194015503,50.459202000000005,4.4538199999999994
EGSS,79454,LEVD,41.7061004639,-4.85194015503,51.8849983215,0.23499999940400002
LFPO,35259,LEVD,41.7061004639,-4.85194015503,48.7233333,2.3794444
GCTS,31782,LEVD,41.7061004639,-4.85194015503,28.044500351,-16.5725002289
LIME,30701,LEVD,41.7061004639,-4.85194015503,45.673901,9.70417
LEPA,23078,LEVD,41.7061004639,-4.85194015503,39.551700591999996,2.73881006241
