airpt,value,airpt_lat,airpt_lon
LEBL,101206,41.2971,2.0784599999999998
EBCI,93616,50.459202000000005,4.4538199999999994
EGSS,79454,51.8849983215,0.23499999940400002
LFPO,35259,48.7233333,2.3794444
GCTS,31782,28.044500351,-16.5725002289
LIME,30701,45.673901,9.70417
LEPA,23078,39.551700591999996,2.73881006241
