airpt,value,airpt_lat,airpt_lon
GCXO,626022,28.4827003479,-16.341499328599998
GCLP,129336,27.931900024414066,-15.38659954071045
LEMD,87170,40.471926,-3.56264
EHAM,40299,52.308601,4.76389
EDDL,36927,51.289501,6.766780000000001
EDDM,33900,48.353802,11.7861
EDDF,23442,50.033333,8.570556
EDDN,22605,49.498699,11.078056
