airpt,value,airpt_lat,airpt_lon
LEMD,714309,40.471926,-3.56264
LEBL,240368,41.2971,2.0784599999999998
LEZL,85200,37.41799926757813,-5.8931097984313965
EGLL,81888,51.4706,-0.461941
