airpt_arr,pax2008,airpt_dep,airpt_dep_lat,airpt_dep_lon,airpt_arr_lat,airpt_arr_lon
GCXO,626022,GCLA,28.626499,-17.7556,28.4827003479,-16.341499328599998
GCLP,129336,GCLA,28.626499,-17.7556,27.931900024414066,-15.38659954071045
LEMD,87170,GCLA,28.626499,-17.7556,40.471926,-3.56264
EHAM,40299,GCLA,28.626499,-17.7556,52.308601,4.76389
EDDL,36927,GCLA,28.626499,-17.7556,51.289501,6.766780000000001
EDDM,33900,GCLA,28.626499,-17.7556,48.353802,11.7861
EDDF,23442,GCLA,28.626499,-17.7556,50.033333,8.570556
EDDN,22605,GCLA,28.626499,-17.7556,49.498699,11.078056
