airpt_arr,pax2008,airpt_dep,airpt_dep_lat,airpt_dep_lon,airpt_arr_lat,airpt_arr_lon
LEMD,714309,LECO,43.302101,-8.37726,40.471926,-3.56264
LEBL,240368,LECO,43.302101,-8.37726,41.2971,2.0784599999999998
LEZL,85200,LECO,43.302101,-8.37726,37.41799926757813,-5.8931097984313965
EGLL,81888,LECO,43.302101,-8.37726,51.4706,-0.461941
