airpt_arr,value,airpt_dep,airpt_dep_lat,airpt_dep_lon,airpt_arr_lat,airpt_arr_lon
LEMD,318678,LEXJ,43.427101135253906,-3.82000994682312,40.471926,-3.56264
LIRA,105342,LEXJ,43.427101135253906,-3.82000994682312,41.7994,12.5949
EGSS,104746,LEXJ,43.427101135253906,-3.82000994682312,51.8849983215,0.23499999940400002
LEBL,84306,LEXJ,43.427101135253906,-3.82000994682312,41.2971,2.0784599999999998
LIME,53680,LEXJ,43.427101135253906,-3.82000994682312,45.673901,9.70417
EDFH,53239,LEXJ,43.427101135253906,-3.82000994682312,49.9487,7.263889999999999
EIDW,28767,LEXJ,43.427101135253906,-3.82000994682312,53.421299,-6.27007
