airpt,value,airpt_lat,airpt_lon
GCXO,595510,28.4827003479,-16.341499328599998
GCLP,113137,27.931900024414066,-15.38659954071045
LEMD,72059,40.471926,-3.56264
EHAM,32967,52.308601,4.76389
EDDL,30521,51.289501,6.766780000000001
EDDN,25338,49.498699,11.078056
EDDF,22633,50.033333,8.570556
EDDM,21810,48.353802,11.7861
