airpt_arr,pax2009,airpt_dep,airpt_dep_lat,airpt_dep_lon,airpt_arr_lat,airpt_arr_lon
LIME,97557,LEZG,41.66619873046875,-1.0415500402450562,45.673901,9.70417
EGSS,68420,LEZG,41.66619873046875,-1.0415500402450562,51.8849983215,0.23499999940400002
EBCI,59948,LEZG,41.66619873046875,-1.0415500402450562,50.459202000000005,4.4538199999999994
LEAL,53524,LEZG,41.66619873046875,-1.0415500402450562,38.28219985961914,-0.5581560134887695
LEPA,44052,LEZG,41.66619873046875,-1.0415500402450562,39.551700591999996,2.73881006241
LIRA,43612,LEZG,41.66619873046875,-1.0415500402450562,41.7994,12.5949
GCTS,39964,LEZG,41.66619873046875,-1.0415500402450562,28.044500351,-16.5725002289
GCRR,24382,LEZG,41.66619873046875,-1.0415500402450562,28.945498999999998,-13.6052
