airpt,value,airpt_lat,airpt_lon
LEMD,255826,40.471926,-3.56264
LEBL,48081,41.2971,2.0784599999999998
