airpt,value,airpt_lat,airpt_lon
LEBL,76340,41.2971,2.0784599999999998
EGSS,64655,51.8849983215,0.23499999940400002
EBCI,63505,50.459202000000005,4.4538199999999994
GCTS,30963,28.044500351,-16.5725002289
LIME,27835,45.673901,9.70417
LEPA,16389,39.551700591999996,2.73881006241
EDLV,15936,51.6024017334,6.14216995239
