airpt,value,airpt_lat,airpt_lon
LEMD,1342612,40.471926,-3.56264
GCLP,664217,27.931900024414066,-15.38659954071045
GCLA,595510,28.626499,-17.7556
LEBL,304756,41.2971,2.0784599999999998
GCRR,241092,28.945498999999998,-13.6052
LEZL,232952,37.41799926757813,-5.8931097984313965
GCFV,181868,28.452699661254886,-13.863800048828125
GCHI,154287,27.814800262451172,-17.887100219726562
LEMG,77470,36.67490005493164,-4.499110221862793
LEBB,57758,43.30110168457031,-2.9106099605560303
