airpt,value,airpt_lat,airpt_lon
LEMD,371549,40.471926,-3.56264
EGSS,97745,51.8849983215,0.23499999940400002
LIRA,76069,41.7994,12.5949
LERS,72976,41.14739990234375,1.1671700477600098
LEBL,66808,41.2971,2.0784599999999998
LIME,54192,45.673901,9.70417
EDFH,35240,49.9487,7.263889999999999
LEAL,35035,38.28219985961914,-0.5581560134887695
EDLV,33922,51.6024017334,6.14216995239
EBCI,24167,50.459202000000005,4.4538199999999994
