airpt_arr,pax2009,airpt_dep,airpt_dep_lat,airpt_dep_lon,airpt_arr_lat,airpt_arr_lon
LEMD,347379,LEGR,37.18870162963867,-3.777359962463379,40.471926,-3.56264
LEBL,342462,LEGR,37.18870162963867,-3.777359962463379,41.2971,2.0784599999999998
LEGE,165006,LEGR,37.18870162963867,-3.777359962463379,41.901000976999995,2.7605500221
LEPA,86273,LEGR,37.18870162963867,-3.777359962463379,39.551700591999996,2.73881006241
EGSS,78168,LEGR,37.18870162963867,-3.777359962463379,51.8849983215,0.23499999940400002
LIME,48058,LEGR,37.18870162963867,-3.777359962463379,45.673901,9.70417
LIPE,24546,LEGR,37.18870162963867,-3.777359962463379,44.5354,11.2887
EGGP,24082,LEGR,37.18870162963867,-3.777359962463379,53.33359909057617,-2.849720001220703
