airpt_arr,pax2009,airpt_dep,airpt_dep_lat,airpt_dep_lon,airpt_arr_lat,airpt_arr_lon
LEMD,512996,LEAS,43.5635986328125,-6.0346198081970215,40.471926,-3.56264
LEBL,276373,LEAS,43.5635986328125,-6.0346198081970215,41.2971,2.0784599999999998
LEPA,109058,LEAS,43.5635986328125,-6.0346198081970215,39.551700591999996,2.73881006241
EGSS,77786,LEAS,43.5635986328125,-6.0346198081970215,51.8849983215,0.23499999940400002
GCTS,65239,LEAS,43.5635986328125,-6.0346198081970215,28.044500351,-16.5725002289
LFPG,58201,LEAS,43.5635986328125,-6.0346198081970215,49.012798,2.55
GCRR,45322,LEAS,43.5635986328125,-6.0346198081970215,28.945498999999998,-13.6052
LEZL,32165,LEAS,43.5635986328125,-6.0346198081970215,37.41799926757813,-5.8931097984313965
LEVC,28336,LEAS,43.5635986328125,-6.0346198081970215,39.4893,-0.481625
