airpt_arr,pax2009,airpt_dep,airpt_dep_lat,airpt_dep_lon,airpt_arr_lat,airpt_arr_lon
GCXO,595510,GCLA,28.626499,-17.7556,28.4827003479,-16.341499328599998
GCLP,113137,GCLA,28.626499,-17.7556,27.931900024414066,-15.38659954071045
LEMD,72059,GCLA,28.626499,-17.7556,40.471926,-3.56264
EHAM,32967,GCLA,28.626499,-17.7556,52.308601,4.76389
EDDL,30521,GCLA,28.626499,-17.7556,51.289501,6.766780000000001
EDDN,25338,GCLA,28.626499,-17.7556,49.498699,11.078056
EDDF,22633,GCLA,28.626499,-17.7556,50.033333,8.570556
EDDM,21810,GCLA,28.626499,-17.7556,48.353802,11.7861
