airpt,value,airpt_lat,airpt_lon
LIME,97557,45.673901,9.70417
EGSS,68420,51.8849983215,0.23499999940400002
EBCI,59948,50.459202000000005,4.4538199999999994
LEAL,53524,38.28219985961914,-0.5581560134887695
LEPA,44052,39.551700591999996,2.73881006241
LIRA,43612,41.7994,12.5949
GCTS,39964,28.044500351,-16.5725002289
GCRR,24382,28.945498999999998,-13.6052
