airpt,value,airpt_lat,airpt_lon
LEMD,347379,40.471926,-3.56264
LEBL,342462,41.2971,2.0784599999999998
LEGE,165006,41.901000976999995,2.7605500221
LEPA,86273,39.551700591999996,2.73881006241
EGSS,78168,51.8849983215,0.23499999940400002
LIME,48058,45.673901,9.70417
LIPE,24546,44.5354,11.2887
EGGP,24082,53.33359909057617,-2.849720001220703
