airpt_arr,pax2010,airpt_dep,airpt_dep_lat,airpt_dep_lon,airpt_arr_lat,airpt_arr_lon
LEMD,274998,LEAM,36.84389877319336,-2.3701000213623047,40.471926,-3.56264
LEBL,95341,LEAM,36.84389877319336,-2.3701000213623047,41.2971,2.0784599999999998
EGKK,87582,LEAM,36.84389877319336,-2.3701000213623047,51.148102,-0.190278
EGCC,38821,LEAM,36.84389877319336,-2.3701000213623047,53.35369873046875,-2.2749500274658203
EGSS,34707,LEAM,36.84389877319336,-2.3701000213623047,51.8849983215,0.23499999940400002
EBBR,32841,LEAM,36.84389877319336,-2.3701000213623047,50.9014015198,4.48443984985
LEZL,30808,LEAM,36.84389877319336,-2.3701000213623047,37.41799926757813,-5.8931097984313965
EDLV,27644,LEAM,36.84389877319336,-2.3701000213623047,51.6024017334,6.14216995239
LEPA,23611,LEAM,36.84389877319336,-2.3701000213623047,39.551700591999996,2.73881006241
