airpt_arr,value,airpt_dep,airpt_dep_lat,airpt_dep_lon,airpt_arr_lat,airpt_arr_lon
LEMD,664160,LEVX,42.2318000793457,-8.62677001953125,40.471926,-3.56264
LEBL,254528,LEVX,42.2318000793457,-8.62677001953125,41.2971,2.0784599999999998
LFPG,76510,LEVX,42.2318000793457,-8.62677001953125,49.012798,2.55
GCTS,24054,LEVX,42.2318000793457,-8.62677001953125,28.044500351,-16.5725002289
LEBB,20785,LEVX,42.2318000793457,-8.62677001953125,43.30110168457031,-2.9106099605560303
