airpt_arr,value,airpt_dep,airpt_dep_lat,airpt_dep_lon,airpt_arr_lat,airpt_arr_lon
GCXO,574789,GCLA,28.626499,-17.7556,28.4827003479,-16.341499328599998
GCLP,105910,GCLA,28.626499,-17.7556,27.931900024414066,-15.38659954071045
LEMD,67969,GCLA,28.626499,-17.7556,40.471926,-3.56264
EDDL,35937,GCLA,28.626499,-17.7556,51.289501,6.766780000000001
EHAM,29462,GCLA,28.626499,-17.7556,52.308601,4.76389
EDDN,24464,GCLA,28.626499,-17.7556,49.498699,11.078056
EDDM,20612,GCLA,28.626499,-17.7556,48.353802,11.7861
