airpt,value,airpt_lat,airpt_lon
LEMD,561142,40.471926,-3.56264
LEBL,290422,41.2971,2.0784599999999998
LEPA,99300,39.551700591999996,2.73881006241
EGSS,80556,51.8849983215,0.23499999940400002
GCTS,62043,28.044500351,-16.5725002289
LFPG,50419,49.012798,2.55
GCRR,39736,28.945498999999998,-13.6052
LEVC,30956,39.4893,-0.481625
LEZL,29495,37.41799926757813,-5.8931097984313965
