airpt,value,airpt_lat,airpt_lon
GCXO,574789,28.4827003479,-16.341499328599998
GCLP,105910,27.931900024414066,-15.38659954071045
LEMD,67969,40.471926,-3.56264
EDDL,35937,51.289501,6.766780000000001
EHAM,29462,52.308601,4.76389
EDDN,24464,49.498699,11.078056
EDDM,20612,48.353802,11.7861
