airpt_arr,pax2010,airpt_dep,airpt_dep_lat,airpt_dep_lon,airpt_arr_lat,airpt_arr_lon
LEBL,372950,LEGR,37.18870162963867,-3.777359962463379,41.2971,2.0784599999999998
LEMD,335650,LEGR,37.18870162963867,-3.777359962463379,40.471926,-3.56264
LEPA,71791,LEGR,37.18870162963867,-3.777359962463379,39.551700591999996,2.73881006241
LEGE,48452,LEGR,37.18870162963867,-3.777359962463379,41.901000976999995,2.7605500221
LIME,40158,LEGR,37.18870162963867,-3.777359962463379,45.673901,9.70417
LIPE,30442,LEGR,37.18870162963867,-3.777359962463379,44.5354,11.2887
