airpt,value,airpt_lat,airpt_lon
LEMD,450541,40.471926,-3.56264
LEBL,82130,41.2971,2.0784599999999998
LEPA,75315,39.551700591999996,2.73881006241
EDDL,65654,51.289501,6.766780000000001
EGSS,58888,51.8849983215,0.23499999940400002
EDDF,57209,50.033333,8.570556
EDDS,30745,48.6898994446,9.22196006775
EDFH,26533,49.9487,7.263889999999999
EDDV,24937,52.461101532,9.68507957458
EDDM,22722,48.353802,11.7861
