airpt,value,airpt_lat,airpt_lon
GCXO,143238,28.4827003479,-16.341499328599998
GCLP,26638,27.931900024414066,-15.38659954071045
