airpt,value,airpt_lat,airpt_lon
LEMD,274998,40.471926,-3.56264
LEBL,95341,41.2971,2.0784599999999998
EGKK,87582,51.148102,-0.190278
EGCC,38821,53.35369873046875,-2.2749500274658203
EGSS,34707,51.8849983215,0.23499999940400002
EBBR,32841,50.9014015198,4.48443984985
LEZL,30808,37.41799926757813,-5.8931097984313965
EDLV,27644,51.6024017334,6.14216995239
LEPA,23611,39.551700591999996,2.73881006241
