airpt,value,airpt_lat,airpt_lon
LIME,92176,45.673901,9.70417
EGSS,63177,51.8849983215,0.23499999940400002
EBCI,52452,50.459202000000005,4.4538199999999994
LEAL,48016,38.28219985961914,-0.5581560134887695
LEPA,42595,39.551700591999996,2.73881006241
LIRA,40863,41.7994,12.5949
GCTS,34451,28.044500351,-16.5725002289
LFOB,24842,49.45439910888672,2.1127800941467285
LEMG,23738,36.67490005493164,-4.499110221862793
LEMD,21880,40.471926,-3.56264
