airpt,value,airpt_lat,airpt_lon
LEMG,144616,36.67490005493164,-4.499110221862793
LEMD,71355,40.471926,-3.56264
LEAM,17796,36.84389877319336,-2.3701000213623047
LEGR,16503,37.18870162963867,-3.777359962463379
