airpt,value,airpt_lat,airpt_lon
LEBL,372950,41.2971,2.0784599999999998
LEMD,335650,40.471926,-3.56264
LEPA,71791,39.551700591999996,2.73881006241
LEGE,48452,41.901000976999995,2.7605500221
LIME,40158,45.673901,9.70417
LIPE,30442,44.5354,11.2887
