airpt,value,airpt_lat,airpt_lon
LEMD,610648,40.471926,-3.56264
LEBL,257160,41.2971,2.0784599999999998
EGLL,83106,51.4706,-0.461941
LEZL,74427,37.41799926757813,-5.8931097984313965
EHAM,23200,52.308601,4.76389
