airpt,value,airpt_lat,airpt_lon
LEMD,223549,40.471926,-3.56264
LEBL,38150,41.2971,2.0784599999999998
