airpt_arr,pax2010,airpt_dep,airpt_dep_lat,airpt_dep_lon,airpt_arr_lat,airpt_arr_lon
LEBL,68816,LEVD,41.7061004639,-4.85194015503,41.2971,2.0784599999999998
EBCI,63141,LEVD,41.7061004639,-4.85194015503,50.459202000000005,4.4538199999999994
EGSS,44362,LEVD,41.7061004639,-4.85194015503,51.8849983215,0.23499999940400002
EDLV,27815,LEVD,41.7061004639,-4.85194015503,51.6024017334,6.14216995239
LEAL,26607,LEVD,41.7061004639,-4.85194015503,38.28219985961914,-0.5581560134887695
GCTS,24978,LEVD,41.7061004639,-4.85194015503,28.044500351,-16.5725002289
LIME,22065,LEVD,41.7061004639,-4.85194015503,45.673901,9.70417
LEMG,20253,LEVD,41.7061004639,-4.85194015503,36.67490005493164,-4.499110221862793
