airpt_arr,value,airpt_dep,airpt_dep_lat,airpt_dep_lon,airpt_arr_lat,airpt_arr_lon
LEMD,577263,LEAS,43.5635986328125,-6.0346198081970215,40.471926,-3.56264
LEBL,304068,LEAS,43.5635986328125,-6.0346198081970215,41.2971,2.0784599999999998
LEPA,112543,LEAS,43.5635986328125,-6.0346198081970215,39.551700591999996,2.73881006241
EGSS,82906,LEAS,43.5635986328125,-6.0346198081970215,51.8849983215,0.23499999940400002
LFPG,62568,LEAS,43.5635986328125,-6.0346198081970215,49.012798,2.55
GCTS,54743,LEAS,43.5635986328125,-6.0346198081970215,28.044500351,-16.5725002289
GCRR,32243,LEAS,43.5635986328125,-6.0346198081970215,28.945498999999998,-13.6052
