airpt,value,airpt_lat,airpt_lon
LEMD,577263,40.471926,-3.56264
LEBL,304068,41.2971,2.0784599999999998
LEPA,112543,39.551700591999996,2.73881006241
EGSS,82906,51.8849983215,0.23499999940400002
LFPG,62568,49.012798,2.55
GCTS,54743,28.044500351,-16.5725002289
GCRR,32243,28.945498999999998,-13.6052
