airpt,value,airpt_lat,airpt_lon
GCXO,619198,28.4827003479,-16.341499328599998
GCLP,113979,27.931900024414066,-15.38659954071045
LEMD,89125,40.471926,-3.56264
EDDL,40521,51.289501,6.766780000000001
EHAM,31361,52.308601,4.76389
EDDN,26846,49.498699,11.078056
