airpt_arr,pax2011,airpt_dep,airpt_dep_lat,airpt_dep_lon,airpt_arr_lat,airpt_arr_lon
LEBL,166546,LEVD,41.7061004639,-4.85194015503,41.2971,2.0784599999999998
EBCI,57425,LEVD,41.7061004639,-4.85194015503,50.459202000000005,4.4538199999999994
EGSS,45643,LEVD,41.7061004639,-4.85194015503,51.8849983215,0.23499999940400002
LEAL,28029,LEVD,41.7061004639,-4.85194015503,38.28219985961914,-0.5581560134887695
LEMG,27047,LEVD,41.7061004639,-4.85194015503,36.67490005493164,-4.499110221862793
GCTS,24956,LEVD,41.7061004639,-4.85194015503,28.044500351,-16.5725002289
LIME,19400,LEVD,41.7061004639,-4.85194015503,45.673901,9.70417
