airpt,value,airpt_lat,airpt_lon
LEMD,423340,40.471926,-3.56264
LEBL,94370,41.2971,2.0784599999999998
LEPA,81042,39.551700591999996,2.73881006241
EDDL,66155,51.289501,6.766780000000001
EDDF,50706,50.033333,8.570556
EGSS,46683,51.8849983215,0.23499999940400002
EDDS,30186,48.6898994446,9.22196006775
EDDV,25629,52.461101532,9.68507957458
EDFH,24561,49.9487,7.263889999999999
EDDM,24061,48.353802,11.7861
