airpt,value,airpt_lat,airpt_lon
LEBL,689482,41.2971,2.0784599999999998
LEMD,261756,40.471926,-3.56264
LEPA,234576,39.551700591999996,2.73881006241
EGKK,201672,51.148102,-0.190278
EGCC,174039,53.35369873046875,-2.2749500274658203
EGBB,73849,52.4538993835,-1.7480299472799998
LIMC,72892,45.6306,8.728110000000001
EGGW,67919,51.87469863891602,-0.36833301186561584
LEBB,67349,43.30110168457031,-2.9106099605560303
EGNX,57046,52.8311004639,-1.32806003094
