airpt,value,airpt_lat,airpt_lon
LEMD,564388,40.471926,-3.56264
LEBL,232421,41.2971,2.0784599999999998
EGLL,84328,51.4706,-0.461941
LEZL,63861,37.41799926757813,-5.8931097984313965
EHAM,22336,52.308601,4.76389
