airpt,value,airpt_iata,airpt_lat,airpt_lon,airpt_name
LEBL,166546,BCN,41.2971,2.0784599999999998,Barcelona International Airport
EBCI,57425,CRL,50.459202000000005,4.4538199999999994,Brussels South Charleroi Airport
EGSS,45643,STN,51.8849983215,0.23499999940400002,London Stansted Airport
LEAL,28029,ALC,38.28219985961914,-0.5581560134887695,Alicante International Airport
LEMG,27047,AGP,36.67490005493164,-4.499110221862793,Málaga Airport
GCTS,24956,TFS,28.044500351,-16.5725002289,Tenerife South Airport
LIME,19400,BGY,45.673901,9.70417,Il Caravaggio International Airport
