airpt,value,airpt_lat,airpt_lon
LEMG,159570,36.67490005493164,-4.499110221862793
LEMD,80128,40.471926,-3.56264
LEGR,16351,37.18870162963867,-3.777359962463379
LEAM,16061,36.84389877319336,-2.3701000213623047
