airpt,value,airpt_lat,airpt_lon
LEMD,174587,40.471926,-3.56264
LEBL,34417,41.2971,2.0784599999999998
