airpt,value,airpt_lat,airpt_lon
LEMD,567198,40.471926,-3.56264
LEBL,223343,41.2971,2.0784599999999998
LFPG,89481,49.012798,2.55
LEBB,20217,43.30110168457031,-2.9106099605560303
