airpt_arr,value,airpt_dep,airpt_dep_lat,airpt_dep_lon,airpt_arr_lat,airpt_arr_lon
LEMD,567198,LEVX,42.2318000793457,-8.62677001953125,40.471926,-3.56264
LEBL,223343,LEVX,42.2318000793457,-8.62677001953125,41.2971,2.0784599999999998
LFPG,89481,LEVX,42.2318000793457,-8.62677001953125,49.012798,2.55
LEBB,20217,LEVX,42.2318000793457,-8.62677001953125,43.30110168457031,-2.9106099605560303
