airpt,value,airpt_lat,airpt_lon
LEMD,260991,40.471926,-3.56264
EGKK,81812,51.148102,-0.190278
LEBL,79310,41.2971,2.0784599999999998
EGCC,47868,53.35369873046875,-2.2749500274658203
EBBR,35653,50.9014015198,4.48443984985
LEZL,34556,37.41799926757813,-5.8931097984313965
EGSS,32877,51.8849983215,0.23499999940400002
LEPA,24134,39.551700591999996,2.73881006241
EGBB,23235,52.4538993835,-1.7480299472799998
EDLV,20203,51.6024017334,6.14216995239
