airpt_arr,pax2012,airpt_dep,airpt_dep_lat,airpt_dep_lon,airpt_arr_lat,airpt_arr_lon
LEBL,142885,LEVD,41.7061004639,-4.85194015503,41.2971,2.0784599999999998
EBCI,56668,LEVD,41.7061004639,-4.85194015503,50.459202000000005,4.4538199999999994
EGSS,42461,LEVD,41.7061004639,-4.85194015503,51.8849983215,0.23499999940400002
LEMG,29566,LEVD,41.7061004639,-4.85194015503,36.67490005493164,-4.499110221862793
GCTS,21697,LEVD,41.7061004639,-4.85194015503,28.044500351,-16.5725002289
GCRR,18616,LEVD,41.7061004639,-4.85194015503,28.945498999999998,-13.6052
