airpt_arr,pax2012,airpt_dep,airpt_dep_lat,airpt_dep_lon,airpt_arr_lat,airpt_arr_lon
LIME,82228,LEZG,41.66619873046875,-1.0415500402450562,45.673901,9.70417
EGSS,73992,LEZG,41.66619873046875,-1.0415500402450562,51.8849983215,0.23499999940400002
EBCI,59103,LEZG,41.66619873046875,-1.0415500402450562,50.459202000000005,4.4538199999999994
LEZL,56564,LEZG,41.66619873046875,-1.0415500402450562,37.41799926757813,-5.8931097984313965
LFOB,39320,LEZG,41.66619873046875,-1.0415500402450562,49.45439910888672,2.1127800941467285
LEPA,38447,LEZG,41.66619873046875,-1.0415500402450562,39.551700591999996,2.73881006241
LRCL,37844,LEZG,41.66619873046875,-1.0415500402450562,46.78519821166992,23.686199188232425
LROP,30825,LEZG,41.66619873046875,-1.0415500402450562,44.5711111,26.085
GCRR,28244,LEZG,41.66619873046875,-1.0415500402450562,28.945498999999998,-13.6052
