airpt,value,airpt_lat,airpt_lon
GCXO,133311,28.4827003479,-16.341499328599998
GCLP,18143,27.931900024414066,-15.38659954071045
