airpt_arr,pax2012,airpt_dep,airpt_dep_lat,airpt_dep_lon,airpt_arr_lat,airpt_arr_lon
GCXO,531925,GCLA,28.626499,-17.7556,28.4827003479,-16.341499328599998
GCLP,91241,GCLA,28.626499,-17.7556,27.931900024414066,-15.38659954071045
LEMD,74432,GCLA,28.626499,-17.7556,40.471926,-3.56264
EDDL,44117,GCLA,28.626499,-17.7556,51.289501,6.766780000000001
EHAM,33784,GCLA,28.626499,-17.7556,52.308601,4.76389
EDDF,24512,GCLA,28.626499,-17.7556,50.033333,8.570556
EDDT,21679,GCLA,28.626499,-17.7556,52.5597,13.2877
