airpt,value,airpt_lat,airpt_lon
LEMD,233018,40.471926,-3.56264
LEBL,80223,41.2971,2.0784599999999998
EGKK,80172,51.148102,-0.190278
EGSS,35440,51.8849983215,0.23499999940400002
LEZL,34347,37.41799926757813,-5.8931097984313965
EBBR,30474,50.9014015198,4.48443984985
EGNX,30072,52.8311004639,-1.32806003094
EGBB,29049,52.4538993835,-1.7480299472799998
LEPA,22662,39.551700591999996,2.73881006241
EDLV,20590,51.6024017334,6.14216995239
EBCI,20307,50.459202000000005,4.4538199999999994
