airpt,value,airpt_lat,airpt_lon
LEMD,516985,40.471926,-3.56264
LEBL,183196,41.2971,2.0784599999999998
EGLL,84583,51.4706,-0.461941
LEZL,31131,37.41799926757813,-5.8931097984313965
