airpt_arr,pax2012,airpt_dep,airpt_dep_lat,airpt_dep_lon,airpt_arr_lat,airpt_arr_lon
LEMD,526600,LEAS,43.5635986328125,-6.0346198081970215,40.471926,-3.56264
LEBL,353080,LEAS,43.5635986328125,-6.0346198081970215,41.2971,2.0784599999999998
LEPA,94161,LEAS,43.5635986328125,-6.0346198081970215,39.551700591999996,2.73881006241
EGSS,80255,LEAS,43.5635986328125,-6.0346198081970215,51.8849983215,0.23499999940400002
GCTS,54632,LEAS,43.5635986328125,-6.0346198081970215,28.044500351,-16.5725002289
GCRR,30206,LEAS,43.5635986328125,-6.0346198081970215,28.945498999999998,-13.6052
LPPT,23957,LEAS,43.5635986328125,-6.0346198081970215,38.7813,-9.13592
LEVC,20546,LEAS,43.5635986328125,-6.0346198081970215,39.4893,-0.481625
