airpt,value,airpt_lat,airpt_lon
LEBL,373787,41.2971,2.0784599999999998
LEMD,207490,40.471926,-3.56264
LEPA,88952,39.551700591999996,2.73881006241
