airpt,value,airpt_lat,airpt_lon
LEMD,518993,40.471926,-3.56264
LEBL,160056,41.2971,2.0784599999999998
LFPG,70922,49.012798,2.55
