airpt,value,airpt_lat,airpt_lon
LEMD,526600,40.471926,-3.56264
LEBL,353080,41.2971,2.0784599999999998
LEPA,94161,39.551700591999996,2.73881006241
EGSS,80255,51.8849983215,0.23499999940400002
GCTS,54632,28.044500351,-16.5725002289
GCRR,30206,28.945498999999998,-13.6052
LPPT,23957,38.7813,-9.13592
LEVC,20546,39.4893,-0.481625
