airpt,value,airpt_lat,airpt_lon
LEMD,118406,40.471926,-3.56264
LEBL,18935,41.2971,2.0784599999999998
