airpt_arr,pax2013,airpt_dep,airpt_dep_lat,airpt_dep_lon,airpt_arr_lat,airpt_arr_lon
LEBL,148134,LEVD,41.7061004639,-4.85194015503,41.2971,2.0784599999999998
LEMG,26641,LEVD,41.7061004639,-4.85194015503,36.67490005493164,-4.499110221862793
