airpt,value,airpt_lat,airpt_lon
LEMD,132578,40.471926,-3.56264
EGKK,86118,51.148102,-0.190278
LEBL,75495,41.2971,2.0784599999999998
EGCC,43492,53.35369873046875,-2.2749500274658203
EBBR,42644,50.9014015198,4.48443984985
EGSS,34276,51.8849983215,0.23499999940400002
EGBB,32925,52.4538993835,-1.7480299472799998
LEZL,29802,37.41799926757813,-5.8931097984313965
EGNX,28903,52.8311004639,-1.32806003094
EBCI,20708,50.459202000000005,4.4538199999999994
LEPA,20000,39.551700591999996,2.73881006241
