airpt_arr,value,airpt_dep,airpt_dep_lat,airpt_dep_lon,airpt_arr_lat,airpt_arr_lon
LEMD,443399,LEVX,42.2318000793457,-8.62677001953125,40.471926,-3.56264
LEBL,135824,LEVX,42.2318000793457,-8.62677001953125,41.2971,2.0784599999999998
LFPG,71178,LEVX,42.2318000793457,-8.62677001953125,49.012798,2.55
