airpt,value,airpt_lat,airpt_lon
LEMD,375023,40.471926,-3.56264
LEBL,273151,41.2971,2.0784599999999998
EGSS,82503,51.8849983215,0.23499999940400002
LEPA,67285,39.551700591999996,2.73881006241
GCTS,46882,28.044500351,-16.5725002289
LPPT,28309,38.7813,-9.13592
LFPO,27515,48.7233333,2.3794444
LEVC,25850,39.4893,-0.481625
GCRR,22028,28.945498999999998,-13.6052
LEMG,20276,36.67490005493164,-4.499110221862793
