airpt,value,airpt_lat,airpt_lon
LEMD,188858,40.471926,-3.56264
EDDF,75375,50.033333,8.570556
EDDL,73972,51.289501,6.766780000000001
LEPA,63104,39.551700591999996,2.73881006241
LEBL,58545,41.2971,2.0784599999999998
EGSS,46520,51.8849983215,0.23499999940400002
EDDS,30340,48.6898994446,9.22196006775
EDDV,27277,52.461101532,9.68507957458
EBBR,22277,50.9014015198,4.48443984985
EDDM,21645,48.353802,11.7861
EDFH,20917,49.9487,7.263889999999999
