airpt,value,airpt_lat,airpt_lon
LEMG,168069,36.67490005493164,-4.499110221862793
LEMD,79458,40.471926,-3.56264
LEAM,15109,36.84389877319336,-2.3701000213623047
