airpt_arr,pax2013,airpt_dep,airpt_dep_lat,airpt_dep_lon,airpt_arr_lat,airpt_arr_lon
GCXO,437785,GCLA,28.626499,-17.7556,28.4827003479,-16.341499328599998
GCLP,89373,GCLA,28.626499,-17.7556,27.931900024414066,-15.38659954071045
LEMD,49552,GCLA,28.626499,-17.7556,40.471926,-3.56264
EHAM,36116,GCLA,28.626499,-17.7556,52.308601,4.76389
EDDL,35176,GCLA,28.626499,-17.7556,51.289501,6.766780000000001
EDDF,29401,GCLA,28.626499,-17.7556,50.033333,8.570556
