airpt,value,airpt_lat,airpt_lon
GCXO,437785,28.4827003479,-16.341499328599998
GCLP,89373,27.931900024414066,-15.38659954071045
LEMD,49552,40.471926,-3.56264
EHAM,36116,52.308601,4.76389
EDDL,35176,51.289501,6.766780000000001
EDDF,29401,50.033333,8.570556
