airpt,value,airpt_lat,airpt_lon
LEBL,148134,41.2971,2.0784599999999998
LEMG,26641,36.67490005493164,-4.499110221862793
