airpt_arr,pax2013,airpt_dep,airpt_dep_lat,airpt_dep_lon,airpt_arr_lat,airpt_arr_lon
LIME,82994,LEZG,41.66619873046875,-1.0415500402450562,45.673901,9.70417
EGSS,72721,LEZG,41.66619873046875,-1.0415500402450562,51.8849983215,0.23499999940400002
EBCI,51747,LEZG,41.66619873046875,-1.0415500402450562,50.459202000000005,4.4538199999999994
LEPA,43251,LEZG,41.66619873046875,-1.0415500402450562,39.551700591999996,2.73881006241
LFOB,40430,LEZG,41.66619873046875,-1.0415500402450562,49.45439910888672,2.1127800941467285
LROP,38039,LEZG,41.66619873046875,-1.0415500402450562,44.5711111,26.085
LRCL,37367,LEZG,41.66619873046875,-1.0415500402450562,46.78519821166992,23.686199188232425
GCRR,22732,LEZG,41.66619873046875,-1.0415500402450562,28.945498999999998,-13.6052
GCTS,19228,LEZG,41.66619873046875,-1.0415500402450562,28.044500351,-16.5725002289
