airpt,value,airpt_lat,airpt_lon
LEMD,443399,40.471926,-3.56264
LEBL,135824,41.2971,2.0784599999999998
LFPG,71178,49.012798,2.55
