airpt_arr,pax2013,airpt_dep,airpt_dep_lat,airpt_dep_lon,airpt_arr_lat,airpt_arr_lon
LEMD,454530,LECO,43.302101,-8.37726,40.471926,-3.56264
LEBL,184480,LECO,43.302101,-8.37726,41.2971,2.0784599999999998
EGLL,92143,LECO,43.302101,-8.37726,51.4706,-0.461941
LEZL,69801,LECO,43.302101,-8.37726,37.41799926757813,-5.8931097984313965
