airpt,value,airpt_lat,airpt_lon
LEMD,457379,40.471926,-3.56264
LEBL,130999,41.2971,2.0784599999999998
LFPG,47526,49.012798,2.55
