airpt_arr,pax2014,airpt_dep,airpt_dep_lat,airpt_dep_lon,airpt_arr_lat,airpt_arr_lon
LEMD,535046,LECO,43.302101,-8.37726,40.471926,-3.56264
LEBL,201000,LECO,43.302101,-8.37726,41.2971,2.0784599999999998
EGLL,97427,LECO,43.302101,-8.37726,51.4706,-0.461941
LEZL,69889,LECO,43.302101,-8.37726,37.41799926757813,-5.8931097984313965
LEBB,32559,LECO,43.302101,-8.37726,43.30110168457031,-2.9106099605560303
