airpt,value,airpt_lat,airpt_lon
LEMD,157822,40.471926,-3.56264
LEBL,94875,41.2971,2.0784599999999998
EGKK,87867,51.148102,-0.190278
EGCC,44804,53.35369873046875,-2.2749500274658203
EBBR,43385,50.9014015198,4.48443984985
EGBB,35823,52.4538993835,-1.7480299472799998
EGSS,29095,51.8849983215,0.23499999940400002
LEZL,23065,37.41799926757813,-5.8931097984313965
EGNX,21132,52.8311004639,-1.32806003094
EBCI,20206,50.459202000000005,4.4538199999999994
