airpt,value,airpt_lat,airpt_lon
LEMD,1094815,40.471926,-3.56264
GCLP,582870,27.931900024414066,-15.38659954071045
GCLA,476549,28.626499,-17.7556
LEBL,385772,41.2971,2.0784599999999998
GCRR,249051,28.945498999999998,-13.6052
GCFV,160273,28.452699661254886,-13.863800048828125
LEZL,158000,37.41799926757813,-5.8931097984313965
LEBB,129149,43.30110168457031,-2.9106099605560303
GCHI,121946,27.814800262451172,-17.887100219726562
LEMG,116700,36.67490005493164,-4.499110221862793
