airpt,value,airpt_lat,airpt_lon
EGSS,79683,51.8849983215,0.23499999940400002
LIME,62089,45.673901,9.70417
EBCI,50864,50.459202000000005,4.4538199999999994
LEPA,41868,39.551700591999996,2.73881006241
LFOB,41038,49.45439910888672,2.1127800941467285
LRCL,39169,46.78519821166992,23.686199188232425
LROP,37818,44.5711111,26.085
GCRR,18799,28.945498999999998,-13.6052
