airpt_arr,pax2014,airpt_dep,airpt_dep_lat,airpt_dep_lon,airpt_arr_lat,airpt_arr_lon
EGSS,79683,LEZG,41.66619873046875,-1.0415500402450562,51.8849983215,0.23499999940400002
LIME,62089,LEZG,41.66619873046875,-1.0415500402450562,45.673901,9.70417
EBCI,50864,LEZG,41.66619873046875,-1.0415500402450562,50.459202000000005,4.4538199999999994
LEPA,41868,LEZG,41.66619873046875,-1.0415500402450562,39.551700591999996,2.73881006241
LFOB,41038,LEZG,41.66619873046875,-1.0415500402450562,49.45439910888672,2.1127800941467285
LRCL,39169,LEZG,41.66619873046875,-1.0415500402450562,46.78519821166992,23.686199188232425
LROP,37818,LEZG,41.66619873046875,-1.0415500402450562,44.5711111,26.085
GCRR,18799,LEZG,41.66619873046875,-1.0415500402450562,28.945498999999998,-13.6052
