airpt,value,airpt_lat,airpt_lon
LEMD,187358,40.471926,-3.56264
LEBL,82978,41.2971,2.0784599999999998
EDDF,65455,50.033333,8.570556
LEPA,58264,39.551700591999996,2.73881006241
EDDL,57079,51.289501,6.766780000000001
EGSS,41613,51.8849983215,0.23499999940400002
EDDM,38580,48.353802,11.7861
EDDH,35954,53.630401611328004,9.988229751586902
EDDS,28883,48.6898994446,9.22196006775
EDDV,24788,52.461101532,9.68507957458
EBBR,22237,50.9014015198,4.48443984985
EDFH,20262,49.9487,7.263889999999999
