airpt,value,airpt_lat,airpt_lon
LEBL,323931,41.2971,2.0784599999999998
LEMD,198219,40.471926,-3.56264
LEPA,125961,39.551700591999996,2.73881006241
