airpt,value,airpt_lat,airpt_lon
LEMD,175105,40.471926,-3.56264
LEBL,100256,41.2971,2.0784599999999998
EGKK,92549,51.148102,-0.190278
EGCC,50152,53.35369873046875,-2.2749500274658203
EBBR,47482,50.9014015198,4.48443984985
LEZL,29464,37.41799926757813,-5.8931097984313965
EGSS,23432,51.8849983215,0.23499999940400002
EBCI,21827,50.459202000000005,4.4538199999999994
EIDW,20847,53.421299,-6.27007
