airpt_arr,pax2015,airpt_dep,airpt_dep_lat,airpt_dep_lon,airpt_arr_lat,airpt_arr_lon
EGSS,85148,LEZG,41.66619873046875,-1.0415500402450562,51.8849983215,0.23499999940400002
LIME,62245,LEZG,41.66619873046875,-1.0415500402450562,45.673901,9.70417
EBCI,46973,LEZG,41.66619873046875,-1.0415500402450562,50.459202000000005,4.4538199999999994
LFOB,40800,LEZG,41.66619873046875,-1.0415500402450562,49.45439910888672,2.1127800941467285
LRCL,38934,LEZG,41.66619873046875,-1.0415500402450562,46.78519821166992,23.686199188232425
LEPA,38062,LEZG,41.66619873046875,-1.0415500402450562,39.551700591999996,2.73881006241
LROP,31912,LEZG,41.66619873046875,-1.0415500402450562,44.5711111,26.085
GCRR,16048,LEZG,41.66619873046875,-1.0415500402450562,28.945498999999998,-13.6052
