airpt,value,airpt_lat,airpt_lon
LEMD,499710,40.471926,-3.56264
LEBL,132332,41.2971,2.0784599999999998
LFPG,34414,49.012798,2.55
