airpt,value,airpt_lat,airpt_lon
LEMD,559967,40.471926,-3.56264
LEBL,206011,41.2971,2.0784599999999998
EGLL,104004,51.4706,-0.461941
LEZL,65795,37.41799926757813,-5.8931097984313965
LEBB,29731,43.30110168457031,-2.9106099605560303
