airpt_arr,value,airpt_dep,airpt_dep_lat,airpt_dep_lon,airpt_arr_lat,airpt_arr_lon
LEMG,188865,GEML,35.279800415,-2.9562599658999997,36.67490005493164,-4.499110221862793
LEMD,91569,GEML,35.279800415,-2.9562599658999997,40.471926,-3.56264
