airpt,value,airpt_lat,airpt_lon
LEMG,188865,36.67490005493164,-4.499110221862793
LEMD,91569,40.471926,-3.56264
