airpt_arr,pax2015,airpt_dep,airpt_dep_lat,airpt_dep_lon,airpt_arr_lat,airpt_arr_lon
LEMD,499710,LEVX,42.2318000793457,-8.62677001953125,40.471926,-3.56264
LEBL,132332,LEVX,42.2318000793457,-8.62677001953125,41.2971,2.0784599999999998
LFPG,34414,LEVX,42.2318000793457,-8.62677001953125,49.012798,2.55
