airpt_arr,value,airpt_dep,airpt_dep_lat,airpt_dep_lon,airpt_arr_lat,airpt_arr_lon
EGSS,85427,LEZG,41.66619873046875,-1.0415500402450562,51.8849983215,0.23499999940400002
LIME,64266,LEZG,41.66619873046875,-1.0415500402450562,45.673901,9.70417
EBCI,46090,LEZG,41.66619873046875,-1.0415500402450562,50.459202000000005,4.4538199999999994
LEPA,42870,LEZG,41.66619873046875,-1.0415500402450562,39.551700591999996,2.73881006241
LRCL,41338,LEZG,41.66619873046875,-1.0415500402450562,46.78519821166992,23.686199188232425
LROP,38446,LEZG,41.66619873046875,-1.0415500402450562,44.5711111,26.085
LFOB,26572,LEZG,41.66619873046875,-1.0415500402450562,49.45439910888672,2.1127800941467285
