airpt,value,airpt_lat,airpt_lon
LEMD,167296,40.471926,-3.56264
LEBL,93014,41.2971,2.0784599999999998
