airpt,value,airpt_lat,airpt_lon
LEMG,203140,36.67490005493164,-4.499110221862793
LEMD,90458,40.471926,-3.56264
