airpt,value,airpt_lat,airpt_lon
LEMD,1305112,40.471926,-3.56264
GCLP,659659,27.931900024414066,-15.38659954071045
GCLA,519528,28.626499,-17.7556
LEBL,495880,41.2971,2.0784599999999998
GCRR,257764,28.945498999999998,-13.6052
GCFV,175169,28.452699661254886,-13.863800048828125
LEZL,146990,37.41799926757813,-5.8931097984313965
LEBB,117690,43.30110168457031,-2.9106099605560303
LEMG,109199,36.67490005493164,-4.499110221862793
LEST,59422,42.89630126953125,-8.415140151977539
