airpt,value,airpt_lat,airpt_lon
LEMD,545042,40.471926,-3.56264
LEBL,267053,41.2971,2.0784599999999998
LIPE,20897,44.5354,11.2887
EIDW,20895,53.421299,-6.27007
