airpt,value,airpt_lat,airpt_lon
LEMD,585690,40.471926,-3.56264
LEBL,227093,41.2971,2.0784599999999998
EGLL,103570,51.4706,-0.461941
LEZL,68428,37.41799926757813,-5.8931097984313965
LEBB,20647,43.30110168457031,-2.9106099605560303
