airpt,value,airpt_lat,airpt_lon
EGSS,85427,51.8849983215,0.23499999940400002
LIME,64266,45.673901,9.70417
EBCI,46090,50.459202000000005,4.4538199999999994
LEPA,42870,39.551700591999996,2.73881006241
LRCL,41338,46.78519821166992,23.686199188232425
LROP,38446,44.5711111,26.085
LFOB,26572,49.45439910888672,2.1127800941467285
