airpt,value,airpt_lat,airpt_lon
LEMD,178960,40.471926,-3.56264
LEBL,129876,41.2971,2.0784599999999998
EGSS,80480,51.8849983215,0.23499999940400002
LIRA,66605,41.7994,12.5949
EBCI,66321,50.459202000000005,4.4538199999999994
LEMG,37294,36.67490005493164,-4.499110221862793
GCTS,36727,28.044500351,-16.5725002289
EGPH,36166,55.95000076293945,-3.372499942779541
EIDW,25554,53.421299,-6.27007
LIME,22519,45.673901,9.70417
EDLV,20048,51.6024017334,6.14216995239
