airpt,value,airpt_lat,airpt_lon
LEMD,193749,40.471926,-3.56264
EGKK,139549,51.148102,-0.190278
LEBL,118075,41.2971,2.0784599999999998
EGCC,90268,53.35369873046875,-2.2749500274658203
EBBR,51241,50.9014015198,4.48443984985
LEZL,30234,37.41799926757813,-5.8931097984313965
EGSS,27210,51.8849983215,0.23499999940400002
LEBB,23570,43.30110168457031,-2.9106099605560303
EBCI,23059,50.459202000000005,4.4538199999999994
EIDW,22098,53.421299,-6.27007
