airpt,value,airpt_lat,airpt_lon
GCXO,519528,28.4827003479,-16.341499328599998
LEMD,111012,40.471926,-3.56264
GCLP,101710,27.931900024414066,-15.38659954071045
EDDL,48239,51.289501,6.766780000000001
EHAM,47218,52.308601,4.76389
EGKK,33185,51.148102,-0.190278
EDDT,27852,52.5597,13.2877
EDDF,26094,50.033333,8.570556
LEBL,26091,41.2971,2.0784599999999998
EDDM,25694,48.353802,11.7861
EGCC,21439,53.35369873046875,-2.2749500274658203
