airpt,value,airpt_lat,airpt_lon
LEMD,593826,40.471926,-3.56264
LEBL,281783,41.2971,2.0784599999999998
LPPT,32318,38.7813,-9.13592
EIDW,22132,53.421299,-6.27007
LIPE,21141,44.5354,11.2887
EGPH,21044,55.95000076293945,-3.372499942779541
LIME,20114,45.673901,9.70417
