airpt,value,airpt_lat,airpt_lon
LEMD,188993,40.471926,-3.56264
EGKK,158390,51.148102,-0.190278
LEBL,105263,41.2971,2.0784599999999998
EGCC,100898,53.35369873046875,-2.2749500274658203
EBBR,46553,50.9014015198,4.48443984985
LEZL,34986,37.41799926757813,-5.8931097984313965
EGSS,25922,51.8849983215,0.23499999940400002
EHAM,25291,52.308601,4.76389
EBCI,22119,50.459202000000005,4.4538199999999994
EIDW,21604,53.421299,-6.27007
LKPR,20356,50.1008,14.26
