airpt_arr,value,airpt_dep,airpt_dep_lat,airpt_dep_lon,airpt_arr_lat,airpt_arr_lon
GCTS,26918,LEVT,42.8828010559082,-2.7244699001312256,28.044500351,-16.5725002289
LIME,26789,LEVT,42.8828010559082,-2.7244699001312256,45.673901,9.70417
