airpt,value,airpt_lat,airpt_lon
GCTS,26918,28.044500351,-16.5725002289
LIME,26789,45.673901,9.70417
