airpt,value,airpt_lat,airpt_lon
LEMD,621123,40.471926,-3.56264
LEBL,278992,41.2971,2.0784599999999998
EGLL,100212,51.4706,-0.461941
LEZL,74871,37.41799926757813,-5.8931097984313965
LPPT,24794,38.7813,-9.13592
LEVC,23998,39.4893,-0.481625
