airpt,value,airpt_lat,airpt_lon
EGSS,86260,51.8849983215,0.23499999940400002
LEPA,64062,39.551700591999996,2.73881006241
LIME,63161,45.673901,9.70417
LRCL,42405,46.78519821166992,23.686199188232425
LROP,41433,44.5711111,26.085
EBCI,37352,50.459202000000005,4.4538199999999994
LEMH,21635,39.86259841918945,4.2186498641967765
LFOB,20538,49.45439910888672,2.1127800941467285
GCTS,15867,28.044500351,-16.5725002289
