airpt,value,airpt_lat,airpt_lon
LEBL,388686,41.2971,2.0784599999999998
LEMD,247677,40.471926,-3.56264
LEPA,140294,39.551700591999996,2.73881006241
EGKK,43275,51.148102,-0.190278
LIMC,34509,45.6306,8.728110000000001
