airpt_arr,value,airpt_dep,airpt_dep_lat,airpt_dep_lon,airpt_arr_lat,airpt_arr_lon
LEMD,593826,LEVX,42.2318000793457,-8.62677001953125,40.471926,-3.56264
LEBL,281783,LEVX,42.2318000793457,-8.62677001953125,41.2971,2.0784599999999998
LPPT,32318,LEVX,42.2318000793457,-8.62677001953125,38.7813,-9.13592
EIDW,22132,LEVX,42.2318000793457,-8.62677001953125,53.421299,-6.27007
LIPE,21141,LEVX,42.2318000793457,-8.62677001953125,44.5354,11.2887
EGPH,21044,LEVX,42.2318000793457,-8.62677001953125,55.95000076293945,-3.372499942779541
LIME,20114,LEVX,42.2318000793457,-8.62677001953125,45.673901,9.70417
