airpt_arr,value,airpt_dep,airpt_dep_lat,airpt_dep_lon,airpt_arr_lat,airpt_arr_lon
LEBL,388686,LEGR,37.18870162963867,-3.777359962463379,41.2971,2.0784599999999998
LEMD,247677,LEGR,37.18870162963867,-3.777359962463379,40.471926,-3.56264
LEPA,140294,LEGR,37.18870162963867,-3.777359962463379,39.551700591999996,2.73881006241
EGKK,43275,LEGR,37.18870162963867,-3.777359962463379,51.148102,-0.190278
LIMC,34509,LEGR,37.18870162963867,-3.777359962463379,45.6306,8.728110000000001
