airpt,value,airpt_lat,airpt_lon
GCXO,610609,28.4827003479,-16.341499328599998
GCLP,123919,27.931900024414066,-15.38659954071045
LEMD,118773,40.471926,-3.56264
EHAM,54841,52.308601,4.76389
EDDL,49018,51.289501,6.766780000000001
EGKK,45663,51.148102,-0.190278
LEBL,27662,41.2971,2.0784599999999998
EGCC,26614,53.35369873046875,-2.2749500274658203
EDDF,25758,50.033333,8.570556
EDDM,22943,48.353802,11.7861
