airpt,value,airpt_lat,airpt_lon
LEBL,161309,41.2971,2.0784599999999998
LEZL,31079,37.41799926757813,-5.8931097984313965
