airpt,value,airpt_lat,airpt_lon
LEMD,210296,40.471926,-3.56264
EGKK,122357,51.148102,-0.190278
LEBL,113704,41.2971,2.0784599999999998
EGCC,80938,53.35369873046875,-2.2749500274658203
EBBR,42891,50.9014015198,4.48443984985
LEZL,39184,37.41799926757813,-5.8931097984313965
EGSS,38291,51.8849983215,0.23499999940400002
EGBB,35292,52.4538993835,-1.7480299472799998
EHRD,26535,51.956902,4.43722
EBCI,21792,50.459202000000005,4.4538199999999994
EIDW,21300,53.421299,-6.27007
