airpt,value,airpt_lat,airpt_lon
LIME,35433,45.673901,9.70417
LEZL,33813,37.41799926757813,-5.8931097984313965
EDDK,27055,50.865898132299996,7.1427397728
GCTS,26229,28.044500351,-16.5725002289
