airpt_arr,value,airpt_dep,airpt_dep_lat,airpt_dep_lon,airpt_arr_lat,airpt_arr_lon
LIME,35433,LEVT,42.8828010559082,-2.7244699001312256,45.673901,9.70417
LEZL,33813,LEVT,42.8828010559082,-2.7244699001312256,37.41799926757813,-5.8931097984313965
EDDK,27055,LEVT,42.8828010559082,-2.7244699001312256,50.865898132299996,7.1427397728
GCTS,26229,LEVT,42.8828010559082,-2.7244699001312256,28.044500351,-16.5725002289
