airpt,value,airpt_lat,airpt_lon
LEMD,647139,40.471926,-3.56264
LEBL,292327,41.2971,2.0784599999999998
EGLL,112279,51.4706,-0.461941
LEZL,75351,37.41799926757813,-5.8931097984313965
LEVC,27239,39.4893,-0.481625
LPPT,22999,38.7813,-9.13592
