airpt,value,airpt_lat,airpt_lon
EGSS,87890,51.8849983215,0.23499999940400002
LEPA,82944,39.551700591999996,2.73881006241
LIME,61502,45.673901,9.70417
LRCL,43198,46.78519821166992,23.686199188232425
LROP,42629,44.5711111,26.085
EBCI,34820,50.459202000000005,4.4538199999999994
LFOB,20738,49.45439910888672,2.1127800941467285
LEIB,19522,38.8728981018,1.3731199502899998
GCTS,18686,28.044500351,-16.5725002289
LEMH,16426,39.86259841918945,4.2186498641967765
