airpt,value,airpt_lat,airpt_lon
LEMD,664206,40.471926,-3.56264
LEBL,278312,41.2971,2.0784599999999998
LPPT,27308,38.7813,-9.13592
EIDW,20829,53.421299,-6.27007
EGPH,20597,55.95000076293945,-3.372499942779541
