airpt,value,airpt_lat,airpt_lon
LEBL,443707,41.2971,2.0784599999999998
LEMD,227922,40.471926,-3.56264
LEPA,174793,39.551700591999996,2.73881006241
EGKK,45381,51.148102,-0.190278
LIMC,42482,45.6306,8.728110000000001
LEBB,39987,43.30110168457031,-2.9106099605560303
EGCC,34123,53.35369873046875,-2.2749500274658203
GCLP,28648,27.931900024414066,-15.38659954071045
GCTS,24201,28.044500351,-16.5725002289
LFPG,22240,49.012798,2.55
