airpt,value,airpt_lat,airpt_lon
LEMD,152328,40.471926,-3.56264
EDDF,38680,50.033333,8.570556
