airpt,value,airpt_lat,airpt_lon
GCXO,728096,28.4827003479,-16.341499328599998
GCLP,151030,27.931900024414066,-15.38659954071045
LEMD,131026,40.471926,-3.56264
EHAM,45850,52.308601,4.76389
EDDL,40596,51.289501,6.766780000000001
EGKK,39745,51.148102,-0.190278
EDDF,38298,50.033333,8.570556
LEBL,25258,41.2971,2.0784599999999998
EDDS,24991,48.6898994446,9.22196006775
EGCC,23988,53.35369873046875,-2.2749500274658203
