airpt_arr,value,airpt_dep,airpt_dep_lat,airpt_dep_lon,airpt_arr_lat,airpt_arr_lon
LEMD,152328,LEPP,42.77000045776367,-1.6463299989700315,40.471926,-3.56264
EDDF,38680,LEPP,42.77000045776367,-1.6463299989700315,50.033333,8.570556
